,A,B,C,D
2000-01-01,1.2373662683307454,1.7624172493574926,1.5921746200134916,-0.7658242139135514
2000-01-02,0.9365383412755925,2.4723855671824047,1.5691692885066122,0.43819330988376537
2000-01-03,1.692636709316989,2.6247720175626843,4.557065111752168,2.0809778776228924
2000-01-04,2.3138939523135544,1.354538688911151,6.021403768072345,1.470288907879612
2000-01-05,0.9204837951528371,2.8636116545682437,5.32648282607105,2.206052205196676
2000-01-06,0.2173124826021131,1.9910286167192424,7.6428380854517,0.2911593085257227
2000-01-07,-0.34386944771319294,1.776919699013237,6.51331143438102,-0.13518464387008716
2000-01-08,-1.5275249951165315,2.0154312574561004,5.39524256719567,-0.32087339103871615
2000-01-09,-4.308648640656083,3.2231758499351946,5.450054407676103,0.3376014300067135
2000-01-10,-5.71337390713367,1.024553765630182,7.30384090427852,0.21281178337888745
2000-01-11,-5.839468061124786,1.4282642551403824,7.479253615382499,-1.199767260157117
2000-01-12,-6.458624523948739,-0.30138544195276507,8.656106589090719,0.2646207898517423
2000-01-13,-5.828635582037252,-0.5468360066399685,11.1221314482874,0.29576564887170415
2000-01-14,-5.9059963749540625,-0.23639431156480845,10.59789776495789,-0.48676422711727213
2000-01-15,-5.205271261112901,-1.677011257116281,11.229162277054225,0.375526173443363
2000-01-16,-6.7897869905114305,-0.5741265779102993,11.695081672064108,-0.13072221313897608
2000-01-17,-5.6387692236041,-0.6466268952421058,12.482180915710693,2.5490387534728436
2000-01-18,-6.992157127947941,-0.6748269546926847,11.938601716254503,2.416181275701528
2000-01-19,-5.521440345675176,0.9017291629798864,11.776583774780816,2.496221531742108
2000-01-20,-5.331262622916837,-0.7518492704282808,10.8818246636384,1.9254978905557736
2000-01-21,-5.721913662273273,-2.074947977763558,10.498696013707878,1.6555056307746918
2000-01-22,-6.705035268440644,-3.6500576851560878,8.827014580953541,1.756408194751383
2000-01-23,-6.421059945260883,-2.692482320729343,7.592389462390791,0.6428050223292883
2000-01-24,-7.368364256740108,-3.1914586189546412,6.921611522542161,0.000345463905434773
2000-01-25,-7.0360179940379775,-2.711566601400372,4.723465819515019,0.5227686412543314
2000-01-26,-7.795129290571776,-2.968014687229376,3.318288153180524,1.9720992569934062
2000-01-27,-6.151995802944392,-4.100272564312884,3.76774368362181,0.18709500125328415
2000-01-28,-6.8427725225042355,-4.9436843961557,3.1728272992547772,0.6377121706193883
2000-01-29,-6.460100020962816,-2.700475407267865,4.8299233086821705,-0.3743741446215548
2000-01-30,-7.822351315242022,-3.4942523787921425,5.391179575054581,1.13536392629974
2000-01-31,-8.334936323385831,-3.5864290590004306,5.354587923164565,-0.12480694154333216
2000-02-01,-7.490312448965447,-4.135156303234916,6.167331238542993,0.5542032447248647
2000-02-02,-8.285693900447312,-6.0232153781211295,5.938949769431748,0.9988198638293426
2000-02-03,-8.03886041838093,-6.378070596636794,4.8527506220922545,0.3511388503233286
2000-02-04,-6.53219037940787,-5.556232639190399,5.306972915286103,0.48210908906917294
2000-02-05,-7.501097904023366,-5.278137202929891,4.0521921062427415,1.1163922330344864
2000-02-06,-7.357515219064997,-5.955251814642942,3.0571287893237518,1.8760741804878693
2000-02-07,-7.939841584519277,-6.325092385359334,4.91080141251026,2.5917080717888568
2000-02-08,-8.321144297042666,-6.426140883544827,3.447235842553948,2.6776122177741026
2000-02-09,-7.148881132817794,-8.105128109120844,3.5610712759761953,3.7456209652053296
2000-02-10,-7.868348246500742,-9.037578817861537,3.249717214219674,3.5460135589613655
2000-02-11,-8.277286272046279,-8.606501967657238,2.6645255483623655,3.9804964520642843
2000-02-12,-8.503771673833691,-9.639059426663765,2.6102611200775994,5.009889711879235
2000-02-13,-8.732159785408689,-9.409021013047528,1.3547241341019125,4.9049002709090725
2000-02-14,-7.654966048785026,-8.458743829003804,4.077160147706859,6.75371520757275
2000-02-15,-5.841008633056548,-9.442810536139682,4.870541428039778,7.457368645767469
2000-02-16,-5.675066753654573,-9.660346249904757,4.7982646449267685,6.192791419766037
2000-02-17,-5.179136718382302,-10.103412991687975,3.3239333635206263,6.542600095674432
2000-02-18,-5.410001432404285,-11.525529588365092,4.226180808646094,6.203623630576197
2000-02-19,-6.1949743440462735,-11.044889415965809,3.24828172649383,7.178627988028306
2000-02-20,-5.7961146747281775,-11.457394087533906,4.2174645948047855,6.908668491759434
2000-02-21,-5.521163913799923,-13.097990189421244,5.5839192738557095,7.76334882983656
2000-02-22,-6.104254870702919,-12.627009629617037,5.0327336215874094,6.2848407044290875
2000-02-23,-6.071927079833498,-11.881542825993257,4.964427694493325,5.71314082821578
2000-02-24,-5.754827991795969,-10.98968975461947,4.7283139351966925,6.721596800803831
2000-02-25,-5.782557480366048,-10.233263392848029,5.743063956999014,7.1427516723609585
2000-02-26,-4.357269638901048,-11.673698952458617,4.80972883151772,7.396544053797241
2000-02-27,-5.628239349040617,-11.499150769644585,4.168189286327252,7.2539404293356675
2000-02-28,-7.1325559709816515,-13.136176548483707,5.557145817161148,6.833153528472757
2000-02-29,-4.36770192244187,-12.205713934521002,5.797725917586061,6.55361425711474
2000-03-01,-3.2957596624940675,-11.891269584472225,5.053802832613955,6.665120620940925
2000-03-02,-2.7359516677131093,-12.092944128683357,4.0303011017595605,7.379691624746545
2000-03-03,-3.200017857856475,-13.16791492695465,4.425652452501025,7.047469568377269
2000-03-04,-2.7930416556695348,-13.07166880824138,4.003894637966141,7.321357626877743
2000-03-05,-1.7011327506597054,-12.989386645201822,4.270302342271423,6.616589420064549
2000-03-06,-1.436128813068914,-13.834605775736131,4.897960958630947,7.647880736300064
2000-03-07,-1.9431529944299857,-10.428268648521106,5.093507220673031,7.985284886995412
2000-03-08,-0.30151215689585453,-10.333736844206204,6.230402014068604,7.357386025634342
2000-03-09,0.9289778923798278,-8.134042505313966,5.2371966746019805,6.588890565655148
2000-03-10,1.2831769468490957,-7.862600465539026,2.9734720474509575,5.386845195960996
2000-03-11,2.157615496984036,-9.820065537571628,1.9233797994494874,5.322978687117916
2000-03-12,1.5489060994545323,-10.227898701169911,3.0713478193165766,5.202570034747888
2000-03-13,1.2292714104509157,-10.565578010862994,3.5276269401303506,4.053362007551883
2000-03-14,1.1887516668481943,-11.758550833953285,3.3900398964053693,3.6353874074651427
2000-03-15,1.3740003945425625,-10.862690452605918,1.9198055653769128,2.4052247400636895
2000-03-16,0.4059773243270076,-10.602645925719475,1.0649856667923243,2.764160955720872
2000-03-17,-0.7352798943408342,-8.912694429655753,2.074103911935146,1.6428135791462481
2000-03-18,-0.013144522514911605,-7.156702958252545,1.7823820063577966,0.4055772876500352
2000-03-19,-1.0187536597095643,-7.652447623527214,0.6967435336293586,-0.4047232410088152
2000-03-20,-2.4859789856312,-8.458485836786618,0.47846473652490173,-0.6264471363888113
2000-03-21,-2.353858576829933,-10.951239938852172,-0.744341221556573,0.7485084110268616
2000-03-22,-2.5172233958571244,-10.528149418314682,-0.4002874875180036,0.5332690973654114
2000-03-23,-2.866912051597201,-10.717977882020039,0.028131736664639917,0.3106528832748097
2000-03-24,-4.8126405128856895,-10.382293316219428,2.6647265726938034,1.0509306663763645
2000-03-25,-5.088662025563936,-10.589789831782301,0.12710599015124036,-0.28233078296947567
2000-03-26,-5.306284677904182,-9.59841023108931,0.8400239599202597,-0.1782642446665329
2000-03-27,-5.540004012652188,-9.913511608939858,1.412351124476091,-0.5127607629195772
2000-03-28,-5.48778157201028,-11.575123023349132,1.9136438746242241,-1.5216105481420923
2000-03-29,-4.617378352346162,-11.884751407508674,1.4983394230869824,-1.7089690720652608
2000-03-30,-3.5154525717067435,-10.267811091641155,1.8719959882894146,-1.084514885475821
2000-03-31,-2.237168272286325,-8.78608790861963,0.3626609073581415,0.07891230968412577
2000-04-01,-1.405451257650215,-9.751175826084712,0.7181474428680221,0.05770663636807062
2000-04-02,-1.0346874512952784,-9.105582454547346,1.011625111991622,0.12587263529472348
2000-04-03,0.13045481007386184,-10.316521819393355,2.2374513028440868,-0.4342715109892249
2000-04-04,-0.6431627414789564,-9.59463749468918,2.0634018477550624,1.0744713393845315
2000-04-05,-1.5512277718928789,-9.05295522298,-0.09031774534812076,2.536468869356702
2000-04-06,-1.4590259612729328,-11.747153900287616,-1.05574457282827,2.184729456399122
2000-04-07,-1.704275902358206,-11.764389260308919,-1.4542331707513618,1.865764531415124
2000-04-08,0.47669591141695733,-12.9966111310049,-3.3991152049923636,3.7445896931562763
2000-04-09,1.2587130846240662,-13.212509490501839,-2.9351777239005266,2.945720540240172
2000-04-10,2.5217782125704216,-11.460045604481794,-3.042105828601945,2.7835504383287955
2000-04-11,1.2381966253588548,-11.126524432010655,-2.5099922719816212,2.287852112566565
2000-04-12,0.8371774155159273,-10.448373414663294,-2.6448070632593086,2.0527456330814022
2000-04-13,1.4570923196295513,-10.255271958157083,-3.490878221376149,1.8179478779904983
2000-04-14,1.7093767707274954,-11.079589555276412,-2.919141833749756,1.430356105314373
2000-04-15,1.277109715521562,-10.316483722784211,-3.506844120973439,1.4079336180252637
2000-04-16,2.0228002541799217,-10.16561832832959,-3.0545038068156156,1.3630043740466165
2000-04-17,1.066016950825261,-8.877743841307925,-4.045320422575468,-0.25483228977566075
2000-04-18,-0.8115543612162373,-9.246178052002259,-3.511994800880417,-1.4522700074795796
2000-04-19,-1.072511182810037,-8.991279457026815,-3.5941395579035853,-1.3794768816403593
2000-04-20,-2.275270822960117,-8.914068117671405,-2.551910596997877,-1.109127834265307
2000-04-21,-1.701679508184192,-10.589954267769023,-2.24415180752627,-0.7318209247674166
2000-04-22,-1.5066173223518886,-11.773416784614666,-3.5487856841638092,-0.3876700695506014
2000-04-23,-2.816606518842729,-12.003760267842043,-5.429932154573778,-1.7684644750161533
2000-04-24,-2.6902447569021417,-12.689005886953558,-5.494007809268297,-1.5254020376563129
2000-04-25,-2.9902280496606064,-12.530135111721174,-6.6259583845435355,-2.4761284933514287
2000-04-26,-1.5143644983718358,-12.172536974700005,-6.704581301625419,-2.9287015868738573
2000-04-27,-1.0604978368804219,-12.732494056221872,-7.917301162403277,-3.5171701047544204
2000-04-28,-0.12394726154123015,-11.37570996704186,-9.810926115101022,-2.601911741971854
2000-04-29,0.19314583655472267,-12.377710994548423,-9.377679019771264,-3.0987240235671774
2000-04-30,-1.3356037769415938,-13.258621225793389,-8.568785699916088,-1.6072472551134016
2000-05-01,-1.023112231889039,-13.19225826905304,-10.10486745676694,-2.5657271939198782
2000-05-02,0.9669751097219725,-13.045174320611872,-10.445289092114772,-2.698507698002775
2000-05-03,1.034886787398759,-13.893423866693245,-11.343706861436765,-3.8015094429964
2000-05-04,2.9181249946735157,-12.736093904089369,-10.935534542204358,-2.8132668665810794
2000-05-05,1.8097169921635272,-11.67436138695368,-11.44277951819042,-0.6959474355947384
2000-05-06,1.9450933818228784,-10.984318346400844,-11.924114012597574,-0.17826529324048557
2000-05-07,1.2982302820505494,-11.221424778721802,-14.509953212424195,-0.251466994944032
2000-05-08,0.29358256593641774,-10.719402276640597,-13.948812647614162,-0.8570128377717096
2000-05-09,-1.2437143370633756,-10.756844019465206,-14.801821050770249,0.4194317374235862
2000-05-10,0.232435368876464,-11.256036227078368,-15.463747480475428,-1.9388136380151844
2000-05-11,0.8273641889722969,-9.7540017721569,-13.774796042765868,0.48986739201635343
2000-05-12,0.9165595270734149,-10.23573762689552,-15.205605455296743,-0.32696057594687933
2000-05-13,-0.8302799832399118,-9.687091045464982,-15.643716013909811,-0.041468384328605445
2000-05-14,0.22032018553619215,-9.72544935033949,-14.769317388490634,0.26223357682131704
2000-05-15,-0.11351604117965142,-9.454180330909598,-15.887780912160318,1.2216422862324154
2000-05-16,-1.5805004052110008,-9.11963701661862,-17.410054969083795,0.9117071787816475
2000-05-17,1.2446817069226712,-8.190883570761848,-17.216852315987644,0.2764997228813033
2000-05-18,0.8115225988037436,-8.413492995828049,-18.416373281484,0.4801245270936667
2000-05-19,0.3610580662277449,-9.321193116983965,-17.52611264370619,1.200351214315548
2000-05-20,1.301257474764272,-9.053267388404258,-17.96119846644583,0.5813885626603809
2000-05-21,2.193710726305397,-8.486564029055,-18.668392808078952,1.0315797585554114
2000-05-22,3.7444209945650564,-9.541750640265152,-17.614101652716496,0.5028959063026622
2000-05-23,2.686743943155831,-9.663399462312482,-17.331483718413843,1.1819051384939296
2000-05-24,2.526412226687297,-7.567215434981229,-18.14496344565387,-0.5138779871422359
2000-05-25,2.7843702393855234,-9.163995215689763,-18.08841431284055,-1.1637172991818308
2000-05-26,2.4696718031593887,-8.352120646316544,-17.87650967270434,-1.6833778336132328
2000-05-27,3.0956355337493697,-9.685970580735477,-19.067123795945616,0.561083515914861
2000-05-28,3.022386729492169,-11.088692413279803,-17.931040608322576,-0.19597909648143952
2000-05-29,2.960956282271739,-9.240132085997072,-16.60000113781205,-1.061710533198303
2000-05-30,3.2367990277385728,-8.137526683941243,-15.48081425916959,-1.9797107500393483
2000-05-31,4.611407061485815,-6.927792987468275,-14.601493674243638,-1.4994666022176206
2000-06-01,3.952632323217494,-7.907695265686177,-14.902759833704026,-0.5857874624898779
2000-06-02,2.2440913659225226,-6.423626535950454,-14.687690072255231,1.212510303291892
2000-06-03,0.9043968978664776,-6.8616354925443925,-13.94776564691243,0.7304334243943771
2000-06-04,1.7190100733526759,-7.409867519117455,-14.157633818019782,2.8522041421780715
2000-06-05,1.5246362145035235,-8.580611851590136,-12.904986196261678,3.194138853747586
2000-06-06,0.7188899382724705,-6.239101256817585,-13.448682827501992,3.058129396350259
2000-06-07,0.8585848000411853,-6.4524893189313035,-13.035129333811561,2.646626453294236
2000-06-08,1.327670845467702,-5.679715205529621,-13.846184303298012,3.018466888079522
2000-06-09,-0.2959155710699015,-7.848410330508985,-15.002444535170591,2.510697509784789
2000-06-10,-0.9689024671253438,-8.752138765632099,-16.359017618102996,1.3015048069202586
2000-06-11,-1.1587208865727738,-8.782253784395172,-14.036070485049157,-0.36255365124809336
2000-06-12,-2.2946858004817994,-7.939918599461452,-13.575559384696186,-0.4866568060264295
2000-06-13,-1.651066718895069,-9.11384979032924,-14.008681056270888,-0.07147195245281246
2000-06-14,-2.0377112387221907,-8.859604947393887,-14.150503407126278,-2.8327785420344664
2000-06-15,-1.2325117432623038,-9.192317039373195,-13.963514703372748,-1.7332405107286735
2000-06-16,-1.7710990485701206,-8.45370361230268,-14.671015330556822,-1.8541717354639242
2000-06-17,-2.0111575517899705,-7.215347192282444,-14.47952794505298,-0.775325803365098
2000-06-18,-0.9137957193530541,-6.977757969537249,-14.283068371973812,-0.41931181870051243
2000-06-19,-0.7996290192553863,-8.99786068900368,-14.002789843665644,-1.6471295421498529
2000-06-20,-1.7947143654516968,-8.175335380760917,-15.242941626308447,-3.540863902070263
2000-06-21,-1.979288139158894,-6.155764448442987,-14.072351688822854,-4.144016787946283
2000-06-22,-1.1021346319675729,-6.648864568608527,-13.689357621996773,-5.3676461471260595
2000-06-23,-1.1035954702127644,-7.865874880786755,-12.500469494555182,-5.724726878806594
2000-06-24,-2.1162675961438584,-8.68992435287843,-12.923313103524993,-5.007877071176278
2000-06-25,-0.30067230459173744,-7.640327259880123,-13.055825102304908,-4.800216871619102
2000-06-26,-0.9172199569701954,-5.740089424903822,-12.222529204433572,-6.218510116199602
2000-06-27,0.598092534178792,-6.8949559077052776,-12.132815128038443,-7.714250809171969
2000-06-28,-0.11395530290806599,-7.96272167625013,-11.634395326495678,-7.60404927635253
2000-06-29,-1.2125196532104279,-8.244859734614057,-11.769867330191474,-6.277192072777097
2000-06-30,-1.4494221076465137,-8.446414399048557,-10.781971804115235,-6.7039197301513225
2000-07-01,-1.8134670821412837,-9.803594380446842,-10.014915025124852,-6.871613054198184
2000-07-02,-2.8344643690961275,-8.574767222631415,-8.640607038516693,-7.626938907807975
2000-07-03,-2.4993654352542745,-8.321123229665059,-7.720122387964544,-8.694297618517666
2000-07-04,-3.7676684884264118,-8.911225662641003,-6.104154996743677,-7.677934307002798
2000-07-05,-3.8485369149239204,-9.079663562860764,-6.910407464872309,-7.628272378177287
2000-07-06,-3.403100725305535,-8.631044147073803,-7.260055757334324,-8.216708841082292
2000-07-07,-2.3515274062586857,-8.793312067217968,-7.438638255662849,-7.79739917664756
2000-07-08,-2.410197687519478,-9.396299415507638,-6.71256512014466,-7.625002302652292
2000-07-09,-3.9033772732866083,-8.755853512705396,-7.435790167759483,-7.202866687218881
2000-07-10,-5.661492694538777,-7.7642964171960696,-6.080824346114391,-6.517943986331068
2000-07-11,-5.908495458525722,-7.63709719648214,-4.8217829995722195,-7.298750506320847
2000-07-12,-7.635952177783786,-6.581945477408994,-3.7744229072287316,-7.328507852171374
2000-07-13,-9.366657545329868,-6.094857635805442,-2.9910495470024596,-6.004262016691035
2000-07-14,-9.612926985865766,-6.176835251554604,-5.543664128285553,-5.155129357175504
2000-07-15,-10.069832078551682,-6.295750141558735,-5.715676284235304,-5.275764084502744
2000-07-16,-10.392277864423626,-5.3713363077946745,-6.9364997861915105,-6.4474666690594535
2000-07-17,-10.57439218640687,-6.122164632473827,-7.3551515036046835,-7.648505019649485
2000-07-18,-10.899258344135578,-6.620680589116003,-7.5738321919195455,-9.097781633757531
2000-07-19,-10.275028869061249,-5.867342994598986,-7.272958996011028,-9.277703922754464
2000-07-20,-9.618122013506472,-5.962922864122104,-7.820183985143305,-8.203083028216733
2000-07-21,-9.964868218272414,-5.38154156372616,-7.176924121405468,-7.842287382674657
2000-07-22,-8.881768383076,-4.069517126860055,-7.076349431861556,-9.32471029320684
2000-07-23,-9.022577477885802,-2.238990066206406,-7.074008737760069,-9.276393177821474
2000-07-24,-9.162988614086677,-2.2565713175919044,-7.321426028138475,-9.146224790582218
2000-07-25,-8.923056797514496,-3.1668348355558327,-7.141807010907679,-8.981086137859155
2000-07-26,-8.938138340779169,-5.606817636635043,-7.59191335173742,-8.667256962192015
2000-07-27,-9.351516223352197,-6.017663328919144,-9.272578722965969,-8.485791361331188
2000-07-28,-8.7094767360154,-5.287271367780734,-8.697878993541012,-8.965257495805675
2000-07-29,-7.712201527513357,-5.768901225189711,-8.797520418316378,-8.62373669260289
2000-07-30,-8.766082565511116,-5.750779944001061,-8.173872150630775,-9.406662519269645
2000-07-31,-9.70156025558911,-6.001392705071427,-7.657485120228804,-8.624076902449541
2000-08-01,-9.732763198757755,-6.14753758344411,-6.929258133959379,-7.859233364138801
2000-08-02,-11.055262938225168,-6.295424594435146,-6.650350367388105,-8.000941764682302
2000-08-03,-12.409292967214405,-5.984571143531972,-7.249883493263394,-7.237824351774192
2000-08-04,-13.127554937229931,-6.339562963453082,-5.470931448337093,-6.8528357354519205
2000-08-05,-11.479111074241574,-7.292831198917227,-6.2219045057908655,-7.702729102878296
2000-08-06,-14.032120552509074,-6.604976569206816,-5.389942048896355,-6.798622978821064
2000-08-07,-14.066510505759455,-7.242706340952251,-3.616995636794468,-7.342484780639177
2000-08-08,-14.272930692487453,-6.859430780095266,-3.989635313825045,-6.239526737073157
2000-08-09,-15.418129072866744,-7.07224912431577,-4.227788791484898,-6.665345372244488
2000-08-10,-15.84800347251665,-8.268508567344684,-4.2383395464137505,-8.229276616458362
2000-08-11,-16.493579913446798,-8.15839551867836,-5.2275560539902886,-9.737700064942157
2000-08-12,-17.198534290789414,-6.735360547522545,-4.626319658376504,-10.485739326121838
2000-08-13,-16.47206810883065,-6.885255549531739,-4.731656353686296,-10.174424494103324
2000-08-14,-16.009053971175145,-8.66234411164403,-5.120913272444021,-10.258159282519113
2000-08-15,-16.17631272953908,-9.559476857739938,-3.64681799025767,-11.21551376351321
2000-08-16,-15.873168657329773,-10.754391019243439,-2.96160423287434,-11.413676454624715
2000-08-17,-14.801942735501578,-11.339415569146404,-4.436093133306597,-11.629924862111869
2000-08-18,-15.883379593236969,-11.54425583229935,-3.4076943121336734,-12.082144249905385
2000-08-19,-15.252156191242666,-11.859890440210881,-3.8689217428174296,-11.166108308403643
2000-08-20,-15.06138482805494,-10.361194461020878,-5.361669416798606,-12.373198171905022
2000-08-21,-16.59671033047777,-10.914078072839377,-5.926059074096644,-11.96687721194425
2000-08-22,-16.709770700399037,-10.95090343869887,-6.25636681892083,-13.043387537186696
2000-08-23,-15.471413049996785,-10.388511460799684,-6.512281927766532,-13.429745184638529
2000-08-24,-15.024207013494115,-8.395635999938888,-6.493941631874873,-13.426392287479546
2000-08-25,-16.014188211815064,-8.938077554503781,-7.360374062225859,-11.176155936899818
2000-08-26,-16.262949776657727,-9.062775407923013,-8.335460048542862,-11.622466814971325
2000-08-27,-16.36084407577791,-9.1290532920006,-8.216773536775191,-11.329561685258112
2000-08-28,-17.06266455457567,-8.522877863776928,-7.959824132523977,-10.042875484332951
2000-08-29,-17.13360492464668,-7.993975738460435,-8.529304362229087,-9.235910351384069
2000-08-30,-16.867302159907585,-7.085714078378464,-8.509773510279922,-8.27119187469091
2000-08-31,-19.45177013200735,-8.217558678185895,-8.446996582893533,-7.884705727374312
2000-09-01,-19.735522742272106,-9.417674220372703,-9.447288362864612,-7.297005512553334
2000-09-02,-20.380354477456347,-9.701481672178819,-8.230578287584317,-7.200734064558664
2000-09-03,-22.079038469305615,-10.164317045252067,-7.717243556255267,-8.172837260289105
2000-09-04,-22.98636081095865,-10.709882579927742,-8.267852500308612,-8.152473314364801
2000-09-05,-23.718663589956652,-11.235602983683387,-6.81271647281144,-6.499058459759127
2000-09-06,-25.333962112374735,-11.059127757156135,-7.657316628046488,-6.2580676118120415
2000-09-07,-28.371564271987364,-12.44722705317893,-9.063560713230697,-5.249542026498306
2000-09-08,-29.271950566130705,-12.569952854118519,-8.673979876822196,-5.814482794601664
2000-09-09,-28.379875812276552,-12.344100657118258,-7.620610177849732,-6.729980126198601
2000-09-10,-27.191522094088945,-11.902740857040946,-7.791029646937415,-5.989622468003253
2000-09-11,-27.75908967977371,-11.44053383776386,-8.392107483588196,-6.510508037487644
2000-09-12,-27.96208825496742,-10.50255161425264,-8.857955597898533,-7.579074310107261
2000-09-13,-29.464803858040227,-11.55774388686143,-6.40579258684963,-6.6130315824247585
2000-09-14,-28.32774242980008,-11.716739761780389,-8.94035408934581,-7.014391344467139
2000-09-15,-29.025077510857876,-11.430804005342084,-10.764412637086327,-8.19498640121841
2000-09-16,-28.875507012407635,-12.552430484996046,-10.99531394841073,-8.196265913613818
2000-09-17,-28.248760043558075,-14.645634255253539,-11.83927125091892,-6.042548056499937
2000-09-18,-28.378369309349424,-15.810735288337106,-11.190456251967046,-4.83647009705154
2000-09-19,-29.530130267473865,-15.832686336322526,-9.772119881935243,-3.133488580203526
2000-09-20,-28.605907051120983,-14.613635925788643,-9.360883109124417,-3.0452042295083763
2000-09-21,-30.626843458271228,-15.661862554725348,-9.093788261398757,-2.2933067769289033
2000-09-22,-31.088281575598526,-15.799860009457312,-9.623287924313692,-2.1224069940263255
2000-09-23,-30.982795499310882,-14.29202294072335,-9.648280037617258,-0.8178957491672023
2000-09-24,-31.720959840544513,-14.605713128683647,-10.429875922617954,-0.13547864990179448
2000-09-25,-31.69795851528229,-13.56299123111191,-10.081677350520565,-0.1709541445620803
2000-09-26,-32.16835169102092,-15.004501957720107,-10.96306263703942,0.6252554120050948
2000-09-27,-32.81282059033185,-15.375241490234707,-10.569339570742146,0.5834660053856809
2000-09-28,-32.021870356027904,-15.500546601065327,-10.095835303211755,0.31726961824436994
2000-09-29,-32.2574036951625,-14.740917621303659,-10.27377222896325,0.08801596263584544
2000-09-30,-32.74461134675457,-12.993392363470779,-10.896216299058803,-0.07811820757470972
2000-10-01,-33.43213116798889,-12.612617781692164,-11.565126549666415,-0.3784724358261124
2000-10-02,-33.443281064222944,-12.403075730891745,-11.157569252063013,-0.7812932326603628
2000-10-03,-31.45157840165019,-11.795010383868874,-11.639416329002755,0.0014628590562074661
2000-10-04,-31.32234545101135,-13.403330740553715,-12.524776700613916,-0.5741883869747042
2000-10-05,-31.78610166335708,-14.227117163501651,-10.000517151570637,1.6790710681854124
2000-10-06,-33.2872980369299,-16.22654977337741,-10.342128273421563,2.995075707350709
2000-10-07,-33.45718827217681,-16.245870230532507,-9.893125470079397,2.777222227850299
2000-10-08,-34.63811893115116,-16.71335277013364,-9.463667905511429,3.4837656621229574
2000-10-09,-33.92680546156421,-17.89933247404521,-9.523859009707108,3.9591693140219144
2000-10-10,-31.98786086259182,-17.41385047558936,-10.516233568449849,3.397706614089673
2000-10-11,-32.92472491635804,-17.686062261416307,-11.79490529478103,5.689853312942739
2000-10-12,-32.34996887937517,-18.101156883947315,-11.049516070918475,7.251920115472729
2000-10-13,-32.201179032363086,-18.73552832773329,-10.867466228146993,7.8873261564596415
2000-10-14,-33.925729187497836,-20.233993016935237,-10.469647812378277,8.588104357263408
2000-10-15,-34.839513488989155,-20.739660873941556,-10.697207333583757,8.97808929885617
2000-10-16,-34.76076280510639,-20.08867483242571,-11.054687085854876,8.542100498356445
2000-10-17,-35.86664215085748,-18.142183578891785,-10.689858802211615,6.308490102058708
2000-10-18,-33.83580577615484,-17.977378882382453,-12.021514083935186,7.202946021693209
2000-10-19,-33.42093664011191,-17.055318302720735,-11.627038558096949,8.13228392974036
2000-10-20,-32.8059473869078,-18.042918903592497,-12.19849406742031,5.906275173958294
2000-10-21,-33.868255579419944,-17.200603281928544,-11.833958181367189,6.692603560881548
2000-10-22,-33.66751936508382,-17.962179109239816,-13.978143927092344,7.083861032737282
2000-10-23,-33.94650114278418,-17.82414108436063,-14.147026224218527,7.424277882646291
2000-10-24,-32.956505558443006,-18.713951583993133,-14.181077929926817,6.54736454100518
2000-10-25,-30.900522703120856,-17.775110351267145,-12.68926819335643,6.234142341410923
2000-10-26,-30.894380927510955,-18.38007267996994,-13.025502205228337,6.957953975514576
2000-10-27,-30.919817456520363,-18.25243709076224,-13.065703974533829,6.678769326020668
2000-10-28,-30.381979172356385,-19.154834443374124,-13.756564205308509,6.447762478058425
2000-10-29,-29.03810198596297,-18.71606767212029,-14.353998536757103,6.374626981428346
2000-10-30,-31.165613017954126,-18.19921632068761,-13.840189869924343,5.694039007404734
2000-10-31,-30.643444391697802,-18.206989540594826,-12.56636587286044,7.71159453097837
2000-11-01,-31.046611020031243,-18.08721668985883,-11.97900646535043,7.5690965106146075
2000-11-02,-30.3439495877231,-17.3188334907365,-11.75566278611923,8.155796774442113
2000-11-03,-30.667167247166436,-16.741937773753808,-11.337580994575166,7.047794483926535
2000-11-04,-31.16403754543372,-15.528502345003883,-11.534335540981754,6.312832399441606
2000-11-05,-31.25600733496903,-14.704654264171628,-12.012412265011665,7.63382486180178
2000-11-06,-31.288744870232815,-13.453949025103157,-14.684873414098307,7.72744203715154
2000-11-07,-32.830040731787335,-12.281320610569232,-12.994149561209833,6.1423169876290125
2000-11-08,-33.17164356691045,-12.139469505382007,-11.1579937805037,5.111437834017176
2000-11-09,-32.556978937389,-11.084227553541474,-11.80194941216312,4.876340255217948
2000-11-10,-32.68368183856374,-10.426889833134062,-12.199387394245248,4.335197978097824
2000-11-11,-31.988810618384328,-10.7010132931541,-11.859922382382415,4.027744515589134
2000-11-12,-33.91829554809076,-9.794106699230646,-11.050034337102332,4.085698332993488
2000-11-13,-34.47454716376863,-10.747433713712018,-10.224947750856726,3.7815350253850792
2000-11-14,-34.43243672558002,-11.616246481670832,-10.408314896227857,1.5799619897841382
2000-11-15,-34.65275570583383,-11.824509573883722,-8.333410734039553,1.5493460284704965
2000-11-16,-32.5781617264484,-11.474473418826205,-8.45044707725933,0.7979781714327264
2000-11-17,-32.32300852209328,-10.000275604131316,-7.838124405919606,0.8886112874750681
2000-11-18,-31.54337105991005,-9.973722326745202,-7.410348713774681,0.03431351369348545
2000-11-19,-31.342494821603857,-10.256095769788583,-9.301086751773127,0.36304263685980315
2000-11-20,-29.995173858576894,-10.979070252108194,-9.54676224613022,-1.6220436407074847
2000-11-21,-30.447305461981603,-12.044404486518774,-11.15347880160061,-1.584560646496996
2000-11-22,-30.94017768977022,-11.758538193281408,-11.972426703449454,-1.3024796436865458
2000-11-23,-30.586179758902848,-12.123930580963673,-11.32298168921228,-1.4419187187725129
2000-11-24,-31.998896851824345,-11.616468118257451,-11.562082667531902,-2.7547801599060886
2000-11-25,-32.24370451850113,-12.258356028803165,-12.29045943700253,-4.192188661206335
2000-11-26,-30.73427448760167,-10.246928874688193,-13.362956405254291,-4.004073699724163
2000-11-27,-31.260089785302846,-9.926294357535006,-14.666853701960955,-4.736063306302193
2000-11-28,-31.9632603380961,-9.413546063288617,-14.199467268767977,-4.913959350412211
2000-11-29,-32.39506263411603,-9.131074157802427,-14.428135239277502,-5.245271164903923
2000-11-30,-32.09339964505529,-8.082962688606546,-14.732653173104366,-4.781386779980141
2000-12-01,-31.81861898304769,-8.371744180941059,-14.579390570154187,-6.749985452931623
2000-12-02,-33.12974656364671,-7.130880126266457,-15.384960593895682,-7.177858479179867
2000-12-03,-32.64640944290282,-8.140472615252138,-16.56698641040871,-6.815511892368327
2000-12-04,-32.39918467258422,-7.4266201443717925,-17.41620353821654,-5.795999397648366
2000-12-05,-32.429593995133274,-8.028543016503567,-17.127507032160732,-5.574172205860257
2000-12-06,-33.10476642258438,-8.185220918188898,-17.381242065379386,-5.226275723849298
2000-12-07,-32.359742925785895,-5.580526543974445,-16.894053978235284,-4.569423254829595
2000-12-08,-33.812381623561684,-5.2641072518838845,-16.513099836035437,-4.778910648938629
2000-12-09,-33.60559859976579,-4.881800737930735,-19.109011509793667,-3.7811455446476647
2000-12-10,-32.49676685653028,-5.294776974185683,-17.393601332777067,-4.402457575998271
2000-12-11,-33.259820757700865,-4.192435225527036,-16.98221211037229,-5.241527358393619
2000-12-12,-32.237984500710645,-3.642854092069017,-17.780479565762548,-7.0646651866099885
2000-12-13,-30.641149240295935,-3.739540145155633,-17.56281285065233,-7.404650874819998
2000-12-14,-30.89049447962518,-3.742595533736828,-18.70593935723804,-8.186819048088543
2000-12-15,-31.77464784072372,-4.281328779484764,-18.709154653680443,-6.94924349610142
2000-12-16,-32.08992093239055,-4.714470227226326,-17.63424769063119,-8.262604827802916
2000-12-17,-33.87373761800147,-5.815914611180117,-17.498520630581243,-8.812476837693334
2000-12-18,-36.61142557884123,-7.018229733429341,-17.072603789459993,-9.276887345571787
2000-12-19,-36.87947912753143,-8.306002468790838,-16.99102936909972,-10.607859443302473
2000-12-20,-36.39122592384568,-9.069528747116523,-17.193954565362663,-10.220933051105785
2000-12-21,-36.62689651026559,-8.885429656161246,-18.74833242356988,-9.136138327280735
2000-12-22,-35.97871463514023,-8.170454311172037,-17.820163629450057,-8.221965765006203
2000-12-23,-37.014243208128356,-8.157173488286109,-18.56285553560399,-8.516976155292275
2000-12-24,-35.66039332059054,-7.8556017670092375,-16.02102154026412,-8.441216989585701
2000-12-25,-36.245485786703654,-7.365815844065482,-17.558889918647264,-9.625389554176278
2000-12-26,-35.95882487584779,-7.05348250562096,-17.15307052414328,-9.945250784198059
2000-12-27,-35.762221077534356,-6.3527945341068675,-16.033963105012614,-11.37046990186065
2000-12-28,-34.24294131485562,-6.631064658718003,-13.549389282529209,-11.535344735785618
2000-12-29,-35.13548797593137,-8.815513207653284,-12.651230471966914,-12.525706507950343
2000-12-30,-33.86605640928568,-10.105936641433924,-12.319872514208022,-11.585348521444697
2000-12-31,-31.341035346366247,-9.065678775742498,-13.452401543636553,-10.672440141115477
2001-01-01,-33.02519252365809,-9.15964396543361,-13.454810028389023,-10.361182937286056
2001-01-02,-32.40072513834734,-9.666969214313074,-12.940995547490486,-11.104083513472478
2001-01-03,-32.346872353142054,-8.479366665222242,-11.892149620395461,-10.705533097706262
2001-01-04,-32.579418992125284,-7.645792579992755,-11.891010818267402,-11.945454568084527
2001-01-05,-32.6699344183951,-7.403585620553947,-11.471888234020604,-11.608899443199292
2001-01-06,-33.786995333080554,-8.379137411190792,-11.729581260852315,-10.729127769913209
2001-01-07,-32.326477302737565,-8.739725420774636,-12.012796638473201,-9.744022166667403
2001-01-08,-31.80875312203677,-11.055004687481343,-12.748616233170127,-9.40664182760016
2001-01-09,-32.746729536868436,-11.427086202455198,-12.906018298907068,-10.577393431384627
2001-01-10,-33.675303676455215,-10.71777203210913,-12.379776419504228,-9.509660636315447
2001-01-11,-33.169093681700026,-12.1510102104183,-11.012984403984795,-7.9216500736857505
2001-01-12,-33.636603503712934,-11.689749310445253,-12.462740680706107,-7.3544124572706835
2001-01-13,-35.417236598230986,-11.884127614073702,-12.474396470967436,-6.254969096120286
2001-01-14,-38.26711293860576,-12.28172932265142,-14.336081028489309,-7.372612407606449
2001-01-15,-39.15717774592661,-13.037858451133998,-13.581770637400957,-7.363010976142995
2001-01-16,-37.171949072345626,-12.30711944702764,-12.748043550629225,-7.166664608589492
2001-01-17,-32.90087841845356,-11.929159518774055,-12.803826350330413,-5.638728535621624
2001-01-18,-31.43960023501054,-10.584964861241435,-11.619809992250275,-6.896897109253769
2001-01-19,-30.587496432168173,-10.180110762025828,-11.035497011780926,-6.506723594563471
2001-01-20,-30.110809046559837,-8.730611763009726,-12.710731311863302,-6.130256560379802
2001-01-21,-29.901825482226066,-8.85370957942235,-13.886027848989889,-6.310103860037005
2001-01-22,-30.49101809647407,-9.948095283637901,-13.394733522486558,-8.063534198012308
2001-01-23,-30.351562243978854,-9.5151276210973,-13.53829022506785,-9.980270613307606
2001-01-24,-30.37580050094775,-9.642404410388393,-12.588055230181975,-11.028030458235632
2001-01-25,-28.779009893619786,-8.211552068403057,-10.042560009316615,-8.9668906866115
2001-01-26,-28.79719669081671,-7.681260405052294,-9.358121699067743,-9.049309114565261
2001-01-27,-29.34373164266297,-6.758808483947845,-8.183716163034381,-9.048893423063818
2001-01-28,-28.654313832227725,-6.6684805469736395,-10.102783816834183,-11.05757389744387
2001-01-29,-28.888414807789726,-7.269803680328164,-9.921185973238842,-10.88630766793268
2001-01-30,-29.32972172900449,-8.832706765871887,-8.715182936401346,-11.324449410973418
2001-01-31,-28.791662100510646,-10.13495951404104,-8.594184677108341,-12.507930852109967
2001-02-01,-29.060157668798823,-11.042497085576699,-7.51221255574999,-12.01264984103013
2001-02-02,-29.27989507834958,-11.014738311987488,-8.838402974830736,-12.025996719280547
2001-02-03,-30.992447652438287,-11.23970852823004,-9.110252068488744,-13.273758493116514
2001-02-04,-31.40427117580271,-10.450154175956065,-8.572861189073446,-13.371776117569464
2001-02-05,-31.393710638603036,-9.099307035201006,-9.251814036720148,-15.53485398594938
2001-02-06,-33.33620416760551,-9.458741701413311,-9.964049253232433,-14.980427952182344
2001-02-07,-34.29645277020694,-11.49607250561884,-12.506112368517837,-14.095903829595256
2001-02-08,-34.712923783829396,-11.673802670584886,-11.573310956943747,-13.63379046859489
2001-02-09,-35.53891067519197,-11.26088990707605,-12.783337753703737,-13.742182547436522
2001-02-10,-34.574037718463664,-10.229948038361957,-13.292564205243817,-16.079001495077055
2001-02-11,-34.56160513026979,-9.797351914020695,-12.720482822524133,-16.75405726908954
2001-02-12,-33.932917347905956,-11.792123723280564,-14.49769954873432,-17.129076444228655
2001-02-13,-33.492944095692806,-12.102951027644293,-14.321246767990042,-17.710613331340316
2001-02-14,-33.44836239587253,-10.975600003156513,-14.908717457025755,-18.544431476559293
2001-02-15,-35.50597631870207,-10.373983159590306,-14.916143742688176,-17.67285145246682
2001-02-16,-34.91444722456745,-10.316553414023016,-14.156954341506594,-18.004674844550838
2001-02-17,-36.17638927569553,-10.547589660055937,-12.631315657549932,-18.25789403287076
2001-02-18,-35.51678357272194,-10.11558920795165,-13.409640822783961,-17.70808762166015
2001-02-19,-34.2343749062399,-11.937439909678876,-13.448825461583501,-17.52172758542561
2001-02-20,-34.69923802145893,-10.359137943186852,-13.627171109657803,-16.503110053157528
2001-02-21,-33.87716807865944,-10.015914486185128,-11.895701358348246,-15.732332464979415
2001-02-22,-34.657492463498585,-8.970864312577664,-12.54767621475774,-17.261461033504705
2001-02-23,-33.592043928807655,-8.15766826496448,-11.418781483099108,-17.958102117312606
2001-02-24,-33.860903355659815,-6.6087748969990665,-12.542569029511627,-19.319561497615503
2001-02-25,-34.02225143957348,-7.114010923891371,-14.577210500211637,-19.217097702210214
2001-02-26,-32.77815365715782,-7.135803925930215,-16.982212076937692,-19.714137049386476
2001-02-27,-30.82869598422352,-7.079296342067558,-15.163934611667177,-19.513429512346622
2001-02-28,-30.12325601632281,-5.912803153900428,-14.805493844878471,-19.077262561494102
2001-03-01,-31.14039225555622,-5.96846510381701,-15.130834955096946,-18.000845686513102
2001-03-02,-29.73611695578744,-4.794727917417537,-14.674906066590378,-17.02455240530531
2001-03-03,-28.026249906977483,-4.517840789505265,-15.555523094092287,-16.79119638786134
2001-03-04,-28.832612187069618,-4.937620430011536,-15.918898342641876,-18.896725962724027
2001-03-05,-29.880015123890136,-4.661828051301616,-17.42764980073124,-17.525850578223842
2001-03-06,-29.99359826312349,-3.8061214327664827,-17.555482829429632,-18.48109801848917
2001-03-07,-28.95982010991566,-3.451506210669148,-17.054407261004627,-18.590407998121268
2001-03-08,-27.55805780204402,-3.513387411651695,-16.936108327114376,-19.17952786895784
2001-03-09,-26.959352311828834,-2.6368688784954752,-16.414520898908954,-20.15779652213041
2001-03-10,-26.63081133456141,-2.536805928568142,-16.964412498103965,-19.77755455791692
2001-03-11,-24.78109008003528,-0.9707218227640511,-16.94027119772968,-19.758394893300903
2001-03-12,-25.857402489856153,-1.1695347165311314,-15.547986703412464,-21.97018079614987
2001-03-13,-26.483285868998117,0.9632737680312871,-15.37812311991222,-22.460318814566783
2001-03-14,-24.163136417602896,0.05808465625158554,-16.32355410075229,-21.06124495088184
2001-03-15,-23.46556322576478,0.3668551428115365,-15.927219929642403,-22.66737004684166
2001-03-16,-25.23912500157481,0.26480818921612087,-16.165448976342955,-24.105818422747127
2001-03-17,-25.185219972658714,-1.1279318973427133,-15.240096289313838,-23.28200111690737
2001-03-18,-24.90093691717808,-1.0366361406327935,-15.118109300585754,-23.18701530264757
2001-03-19,-24.171126191611986,0.07368325405202292,-14.236166636872886,-24.52822687356888
2001-03-20,-24.47546243382421,-0.9433500366890277,-15.190879477893827,-26.118158568161597
2001-03-21,-24.997967453354082,-2.6152906646467233,-14.374289860888473,-24.87292345615403
2001-03-22,-24.72016363479286,-2.5807075151497494,-14.94393744514703,-25.524786086513394
2001-03-23,-23.537615972653526,-2.3549678230756097,-14.610708550576243,-25.20966141093704
2001-03-24,-23.680530714035385,-1.7500228733467567,-12.254535792862189,-25.56502922926636
2001-03-25,-22.960559469705924,-2.1070636435620704,-12.537271118581707,-24.913779519984633
2001-03-26,-23.190336502907574,-1.5965293249460215,-13.448588186195577,-27.032165884469396
2001-03-27,-21.985464583278166,-1.5579388148107873,-11.33170767776657,-27.453107182828383
2001-03-28,-24.63170148094592,-2.780005335389563,-10.903615719970883,-26.891351557854502
2001-03-29,-25.21144780707569,-2.865074234757091,-11.176474845969441,-28.10759567730196
2001-03-30,-25.465457509135362,-1.306301981925125,-11.65843277283912,-28.91189440031126
2001-03-31,-26.420317825545588,-2.6594004010995858,-11.967853339921033,-27.966539261657104
2001-04-01,-22.620984296634045,-3.754297210968671,-12.071846328501621,-28.780406123680915
2001-04-02,-23.201523828448583,-2.5101812351369697,-11.533736310157186,-27.298075470995666
2001-04-03,-22.631758786525218,-2.618230236927367,-11.025829233202495,-26.04155291845137
2001-04-04,-20.75791219812133,-3.1024951089173074,-13.077172969191402,-28.3652243973434
2001-04-05,-21.949814249421202,-2.690545320906911,-13.630852068497394,-26.905702817873685
2001-04-06,-22.132189705456067,-2.556223145771236,-12.615615116641349,-26.16827698489382
2001-04-07,-23.200536501828488,-2.441857252984821,-11.616027125628815,-25.49462503168481
2001-04-08,-22.990296272861706,-2.053731036194732,-10.802663391682488,-25.17521436804848
2001-04-09,-23.41186560947153,-2.164769507711579,-11.032168989593158,-27.80208077157488
2001-04-10,-25.589508248253896,-1.7533404670810047,-12.037604663794683,-27.130060097666306
2001-04-11,-25.658587213291415,-1.2114811050396082,-13.130414215343542,-25.8631445270165
2001-04-12,-25.988368190471313,1.4283453853974013,-12.349711938005129,-26.213675997733812
2001-04-13,-26.73534329980642,1.039154140961584,-12.99461254586969,-26.3066585130572
2001-04-14,-27.531199088082897,3.4289645044767094,-13.157016712439814,-28.211596877856014
2001-04-15,-28.777107367268357,3.845170999259414,-15.376470759242368,-26.197704516742526
2001-04-16,-27.175481592088268,4.289718871977458,-14.786922726918617,-27.035549207927335
2001-04-17,-29.044425276720375,4.686506338279672,-13.363203889022305,-26.980953963221644
2001-04-18,-29.629507686758288,4.9158520504181125,-13.104849652428573,-27.227247364917623
2001-04-19,-29.277641831758118,3.2207209669045733,-12.446135618823101,-26.749652826988754
2001-04-20,-30.092191633127342,2.795792516106531,-12.57114053787276,-25.91520754496753
2001-04-21,-28.442065478158604,3.144808145892047,-12.684112153145024,-26.856544018693093
2001-04-22,-28.668354554599034,3.518492188545748,-13.715679396638091,-26.327626062356437
2001-04-23,-29.13558772957193,4.121365941031771,-14.586702120008214,-26.45085998942287
2001-04-24,-29.972281028071407,3.632088482869261,-17.035353553847994,-26.48741135151909
2001-04-25,-30.445353116472287,3.0972415967981,-17.56958596101867,-26.125837333339806
2001-04-26,-30.476068788387547,4.862011178891816,-18.12400911109899,-26.82783947733031
2001-04-27,-30.135462372873462,4.714250483605173,-17.833848057211558,-25.992191531650892
2001-04-28,-28.843634657747316,6.450928531993971,-18.619380422090465,-26.342045954427793
2001-04-29,-29.937282318815154,7.131966412290516,-16.306857514069637,-25.753395769586277
2001-04-30,-31.24111199213122,7.710516861089566,-15.315883167431165,-25.68129547777815
2001-05-01,-30.144517934711132,9.127381258481517,-15.692181469127235,-26.35287099649134
2001-05-02,-30.3186200248576,9.658490634775484,-15.429819599038586,-26.59874790959558
2001-05-03,-29.701755544430007,9.328853468781627,-14.504549804261273,-27.676602067809483
2001-05-04,-30.116543377774384,10.188865712249259,-14.80670763405031,-25.802578851893905
2001-05-05,-30.049176973993358,10.772965612979368,-14.729879543581733,-26.306053766753166
2001-05-06,-30.479866851682054,11.984927010099499,-17.729278029463707,-26.988934264948693
2001-05-07,-29.444001617498277,11.132670519577143,-17.047775157109943,-26.54809362585532
2001-05-08,-29.363502552588674,9.831314769027976,-17.589291904457067,-26.883511153460272
2001-05-09,-30.273961785089178,7.834786672302183,-19.39794594101954,-27.843618604914454
2001-05-10,-30.131366239796538,9.687019750941147,-18.930368970365155,-29.27650441423118
2001-05-11,-30.285560999364172,8.52353256936221,-18.79289275058878,-31.34190150100711
2001-05-12,-29.74700541668811,8.419643392600383,-17.789736182697034,-30.106829186714936
2001-05-13,-29.243959668781212,10.176980077903274,-17.676720685667643,-30.69836876167254
2001-05-14,-28.962119529875082,11.758874105286454,-17.987706242946143,-29.022236231974617
2001-05-15,-28.29177160336955,11.932355373891172,-18.831607920164643,-29.40723675904676
2001-05-16,-29.348901478291772,11.284545976710387,-17.002054487691947,-29.0724191706724
2001-05-17,-30.11560037018219,9.464760321185501,-18.484681752540915,-29.441888844616624
2001-05-18,-29.53478286001822,8.981332259679803,-18.837323545675105,-29.44816340767976
2001-05-19,-29.136281101711052,8.328745363500456,-19.721550133752697,-29.71034727119035
2001-05-20,-27.449331899920196,7.211573938945589,-20.246375007274946,-31.025701245671495
2001-05-21,-29.152924184833267,7.359725481525499,-19.842744388930566,-30.520167757280376
2001-05-22,-29.203550903624997,6.610308864717323,-20.269888962824066,-30.781098832164137
2001-05-23,-29.31015617674582,6.531660545334308,-19.808488583106016,-30.9575204968261
2001-05-24,-30.363070965072968,5.1958471234850805,-19.100240311283347,-30.01350315651796
2001-05-25,-28.743109923428904,5.566698490500453,-21.16839573477106,-30.94551810447452
2001-05-26,-28.117371389311458,5.845301854439201,-21.027101502124996,-32.71238373964752
2001-05-27,-28.191425945299073,5.6757906605076105,-20.853347032102437,-34.059731262077044
2001-05-28,-28.834490110775675,5.958266295908338,-20.758463023120534,-35.151269064255466
2001-05-29,-30.369966965682814,4.9882821196747225,-19.2237592839228,-34.631693114046634
2001-05-30,-30.58483180506287,5.1363707090611985,-19.541447789743614,-35.05766142635313
2001-05-31,-31.78488195406961,6.409134418421855,-18.076665418231876,-36.439309454724594
2001-06-01,-32.098410772362875,7.0730941657709225,-19.96818646065611,-35.92590230848171
2001-06-02,-30.332648104607127,6.839947961679428,-19.857600023976513,-35.78955782856855
2001-06-03,-31.4095257631141,7.637543360619984,-19.83526821130528,-36.15515917901703
2001-06-04,-30.44103157747181,7.559688306795324,-19.45046442755426,-37.01762990012177
2001-06-05,-30.90546525485673,9.624506989334765,-20.24457782589593,-34.20604582522904
2001-06-06,-30.954240910253844,11.001628589792853,-18.809541439806793,-32.71095601733823
2001-06-07,-30.39807280605365,10.492432120111129,-19.083669663566788,-34.02888683158783
2001-06-08,-29.271237866085055,10.589298977580752,-18.573212464873265,-34.405985792443786
2001-06-09,-28.573810313137866,11.027423225008148,-18.13488970962904,-34.266124475173626
2001-06-10,-27.578639479876895,11.962813213978322,-18.216862598912748,-33.01085987365825
2001-06-11,-27.63530876659538,11.074974508321443,-18.564878596896655,-33.14485132797156
2001-06-12,-25.596764734272597,11.38259672740298,-19.099020059750504,-31.618721042962555
2001-06-13,-24.529640319094373,11.56509769934788,-18.841284612458416,-32.26474299326598
2001-06-14,-24.286573883969865,10.837928764460326,-19.434532616599885,-33.73630423774815
2001-06-15,-25.30345930396133,11.684749550028931,-19.25237494023271,-33.99351370484321
2001-06-16,-25.31138121759909,12.27681158267036,-19.445545673764844,-33.49732908631239
2001-06-17,-25.37690277562769,13.553465666747996,-20.5896760771312,-32.057353505671934
2001-06-18,-26.45200936725532,13.082846988578282,-21.648877565316827,-31.19587849563469
2001-06-19,-27.716454986520834,12.312943708823207,-21.914097560412195,-31.912507460070465
2001-06-20,-27.975955922442555,13.022709167075423,-22.531400178968042,-30.355915786212925
2001-06-21,-26.822323562837003,14.17879389841894,-22.592975156024306,-29.60932977783986
2001-06-22,-29.083006878545994,14.679797985008,-22.04006087239969,-30.337890040968617
2001-06-23,-27.738286620466656,15.931955207518486,-22.79942809698701,-28.941803066481576
2001-06-24,-23.975913198458915,14.904655700797646,-21.058581094360495,-26.997341275963336
2001-06-25,-22.766159770957273,15.173366147937426,-20.254929990044282,-26.74363574509489
2001-06-26,-22.44383282135189,16.931222851432793,-20.45179792633496,-28.08343115118111
2001-06-27,-21.453499245648985,16.855503026350895,-20.415831050402673,-27.615544871147577
2001-06-28,-20.87482213559221,15.419164011152894,-20.832608173716974,-28.426126792505194
2001-06-29,-21.623214866451487,13.399546764191236,-20.422655103561723,-30.670300460484444
2001-06-30,-21.163950314973263,12.532783558155641,-20.281834639718202,-31.74028012885065
2001-07-01,-21.5809390698747,12.73984866229312,-22.201256179303435,-31.991076685219436
2001-07-02,-22.6866636996233,14.385905025663426,-22.40568579536821,-33.25901556355399
2001-07-03,-23.27798508751509,14.99831505418831,-22.678941905576604,-31.735341284940603
2001-07-04,-23.046190334752488,14.737388023794981,-23.062712520092706,-31.008436480492417
2001-07-05,-23.891988472453786,15.61277842523951,-24.269118175761317,-32.40635047992693
2001-07-06,-23.122866238126807,15.524678781274195,-23.782256468413806,-32.67736164891311
2001-07-07,-21.90654031199164,13.566373367821607,-23.558034566961105,-31.208968404257117
2001-07-08,-22.8999116286355,13.717829154052952,-22.870699419707254,-30.09636327045069
2001-07-09,-23.94718063000114,13.863313272233803,-23.13620215896909,-30.321536930775178
2001-07-10,-22.782566195815367,13.584820247908613,-22.108510853322553,-29.929643466412294
2001-07-11,-22.449997684781852,13.303306798924105,-20.6951697284261,-30.14415877363998
2001-07-12,-24.330204186483314,12.623508714191352,-18.860349291051755,-29.521541184598817
2001-07-13,-26.649723139277672,11.566938377497284,-18.288429794523626,-29.54604617666747
2001-07-14,-27.743494737725,10.007729806693984,-19.254637607520614,-29.542301712714867
2001-07-15,-28.80611640217889,10.754544499663968,-18.574036075586697,-28.409623222860642
2001-07-16,-28.071639201261487,12.321067525924503,-17.372517032951393,-30.093053292812595
2001-07-17,-28.559110203876976,13.173915792813519,-16.72658547890061,-28.973354584235977
2001-07-18,-29.980467203431196,15.234907758583171,-18.317666399043503,-26.431079487451214
2001-07-19,-29.372922169485793,15.478801426661315,-18.419328684543615,-25.70813207724608
2001-07-20,-30.353803229506273,14.91845359042797,-19.352040237684054,-25.04146857944998
2001-07-21,-29.001665174169034,15.806383244134272,-19.8635505068713,-24.176977893482576
2001-07-22,-27.416117186946718,16.1750342358566,-19.36459008376749,-25.005752709433658
2001-07-23,-28.318563418130015,17.039117402812824,-21.070474180091683,-25.372370964260345
2001-07-24,-27.920538020983287,15.330678833246091,-20.625762616061966,-25.51136379018766
2001-07-25,-27.99533715587178,15.352903307928427,-19.16120304891979,-26.894528382518544
2001-07-26,-28.352504140730474,14.442459630145642,-20.89528205268663,-28.64001776784815
2001-07-27,-27.473533940242522,13.805310634873592,-20.083098256322092,-29.037217152922814
2001-07-28,-26.852890020853387,14.885713340891092,-20.771436422573334,-28.29856419461623
2001-07-29,-27.991446026984406,12.862209408108457,-22.750695422130473,-27.81541303746563
2001-07-30,-28.600592752707758,11.586810359042415,-22.96580945120485,-27.168023139213616
2001-07-31,-28.185910963479785,9.631984037010959,-22.661069433262888,-27.32160289770862
2001-08-01,-26.349256771680235,9.271781557151783,-23.049505057623005,-26.68568443987079
2001-08-02,-27.04933495300782,8.55926990552451,-25.098678087891606,-27.474742195732535
2001-08-03,-26.322358537021675,8.001838963137088,-25.981209846677643,-26.820741481440788
2001-08-04,-26.07902384305974,8.819137419076533,-26.06735343809737,-27.907775735347126
2001-08-05,-25.650970764316313,8.09236210965925,-25.611502473526002,-27.654224011408743
2001-08-06,-26.026484792764602,8.84571190470314,-27.010859272606194,-27.364756436311836
2001-08-07,-26.254421919522905,8.304973324827028,-26.637630510615185,-26.200074781531455
2001-08-08,-27.128556569732638,8.036772912988964,-28.65042756037804,-25.59153338594586
2001-08-09,-26.07952865582858,8.715340317103298,-29.71111659336354,-25.87846010238844
2001-08-10,-27.176024907189777,7.319936657972049,-29.484927115535054,-27.089507750257525
2001-08-11,-27.353526703022585,7.488139697079985,-28.710778434417026,-24.975940627738545
2001-08-12,-28.001926788879096,9.242044412046939,-29.24165249308728,-25.22732538538275
2001-08-13,-27.477325155268616,10.06160105193629,-30.67622067028567,-24.200492263103616
2001-08-14,-25.24506393183815,9.910079755064128,-30.930858727439194,-23.365779400755326
2001-08-15,-25.244043207059995,9.786713035453024,-30.885006856363507,-22.859815584279882
2001-08-16,-23.827999903403054,10.598658299287122,-31.044472609018886,-22.548193932862528
2001-08-17,-23.055378700903855,9.536755809105205,-31.136080800127743,-21.382304572322962
2001-08-18,-22.84725085180453,10.123191077148805,-31.592687966579597,-21.811091552228735
2001-08-19,-22.501669812731205,8.848799128662767,-30.52116817817879,-20.761996808033054
2001-08-20,-23.589066686004497,7.007931943614214,-29.501404924732288,-20.43137296923933
2001-08-21,-24.988577691228542,7.002889754529633,-28.46598029103868,-20.314306403274248
2001-08-22,-24.940297257106877,7.287842852131997,-30.242392836863374,-21.679286335756064
2001-08-23,-24.846666521030592,7.733555440195124,-31.410725034602315,-21.69111758930471
2001-08-24,-21.908100263648503,7.474337863518608,-30.718686069807674,-22.816423951997546
2001-08-25,-20.937280604763163,8.578141784756358,-31.063970534455507,-23.598169278997506
2001-08-26,-21.79438228158137,8.557134814946757,-30.88585877258311,-24.24027167587491
2001-08-27,-22.765181444523524,8.50784331090511,-30.888080533144915,-23.97218954326572
2001-08-28,-21.53298086849511,9.142380705689643,-31.349984668551773,-26.260710499746228
2001-08-29,-20.97226434319854,9.919513747197854,-30.463287663365985,-25.728115477330658
2001-08-30,-18.99684481972453,9.49987184740195,-31.729047697596986,-25.04146282883696
2001-08-31,-19.09762108885781,10.104093432597862,-31.755741795636027,-24.370180057334867
2001-09-01,-19.158656583036137,10.206689364035066,-32.883761814579806,-24.911089009165927
2001-09-02,-19.217190119689214,9.470142852049669,-31.27488607532435,-25.851939101306463
2001-09-03,-18.30094952929653,8.988522970065555,-31.68092864237577,-26.273978616343086
2001-09-04,-19.0063427549793,7.501976847386632,-30.783678961906492,-25.847924983135304
2001-09-05,-20.06625748595889,6.424319843461918,-29.50112841452333,-25.764414144201524
2001-09-06,-19.24363237010964,6.746718331153497,-28.56453796276908,-25.3067663235403
2001-09-07,-19.245064976287274,6.986200926148911,-28.43612117325758,-25.9015032558658
2001-09-08,-17.783859657511496,7.311913771974975,-27.760047674619777,-26.233679329467947
2001-09-09,-17.032280781606804,6.966858120024268,-27.328039538383702,-26.869026314165737
2001-09-10,-17.12516739041896,6.78156940294219,-26.919906391465606,-25.914750505156174
2001-09-11,-16.160777118670303,5.608677650380944,-26.603181523465324,-25.73900370534246
2001-09-12,-15.931641555076792,4.856517284174112,-26.471065620677866,-26.60617475083195
2001-09-13,-14.474588577664148,4.458876762396825,-26.420594800699053,-24.634617920008154
2001-09-14,-15.279547123715194,2.280888011459598,-26.109654234638544,-24.21976008930877
2001-09-15,-15.201797961874826,2.6419034861820485,-27.531443632102288,-24.490268703567736
2001-09-16,-15.96619790149481,2.168243957825893,-29.76656934823996,-24.441299583763755
2001-09-17,-16.55692116339585,1.0062661285678554,-29.827031234573806,-26.21184183073946
2001-09-18,-19.342745260933018,-0.45669245333036845,-28.380415540100817,-27.00197666464832
2001-09-19,-19.60188661925178,-0.29245012293337214,-26.556644655841488,-26.828485448932977
2001-09-20,-19.871920930004666,-0.6532611942562503,-27.41518963577353,-27.069016696284816
2001-09-21,-19.42943089378172,0.4204783054354442,-25.9720874961246,-29.5723601918224
2001-09-22,-20.603699753296066,-1.2958203902138148,-25.441391134048573,-29.54429401383975
2001-09-23,-21.354192525408948,-2.008843602274275,-25.575396330761805,-30.965595542370547
2001-09-24,-21.464460317834224,-1.702298692389832,-26.348710810870223,-31.743791402280834
2001-09-25,-21.833782292512375,-1.3991257797226972,-27.420903580782475,-30.64253232904509
2001-09-26,-20.7006374829686,-2.9552529024321554,-27.163407668281863,-31.109680041283276
2001-09-27,-18.63688691648924,-2.93031470522707,-28.126257657433904,-30.39528566420223
2001-09-28,-18.861441653835154,-3.9147350914083163,-27.030407705314396,-30.923359200194238
2001-09-29,-20.033048650012624,-3.717797938016532,-27.20879089129747,-31.569599617207487
2001-09-30,-19.953244810278562,-4.233157994172092,-28.293195020969193,-29.34023307942992
2001-10-01,-20.758671264004604,-4.267767836105247,-28.356214314290092,-31.067754373274898
2001-10-02,-22.01298772455554,-1.47196762304571,-26.232854206610458,-31.303107563527956
2001-10-03,-21.838747144486593,0.4263390186699221,-25.33531928585051,-31.6793042440024
2001-10-04,-20.698087245020574,0.6642028397764305,-26.466108108252623,-32.52632165182545
2001-10-05,-19.898422285855013,-0.21001994337631635,-26.63172088678342,-33.508336738640445
2001-10-06,-20.48543673946656,-1.3549313075703753,-27.299613895810545,-34.622796621963644
2001-10-07,-20.623002200781357,-2.009352639590341,-29.00307237641599,-34.0757675379688
2001-10-08,-21.679953673796717,-3.2849917743680273,-29.7324573040481,-35.90348963704163
2001-10-09,-22.223756204433457,-2.543313651975144,-29.96652531646528,-36.26314238016051
2001-10-10,-22.292555492730934,-3.5212546808070546,-29.95083686699078,-35.44585584460601
2001-10-11,-22.988728131094128,-3.8993312262174786,-28.513787079456925,-36.90221023626976
2001-10-12,-24.144237917592022,-4.334045953886921,-27.44159480242663,-36.471771693174304
2001-10-13,-24.701169815469434,-3.9165895667206607,-28.44452035589904,-36.045551834910896
2001-10-14,-26.175029611787227,-5.297489839756821,-29.122274683263107,-35.889372166743854
2001-10-15,-26.700450478186415,-4.745955361711913,-29.45310357668229,-36.44810185001693
2001-10-16,-27.242550779446596,-3.773127931108057,-28.787911336515396,-36.51052973629595
2001-10-17,-28.536037076865895,-2.78069075184079,-28.3698217549845,-37.611772818993074
2001-10-18,-29.35773191040358,-2.9262291633970885,-26.985646693749718,-39.99851790569198
2001-10-19,-30.80025748871402,-2.8021587931038,-26.591716823901073,-38.466430736377966
2001-10-20,-30.355294431996573,-3.3671282177669637,-27.265706636519113,-37.33183913073385
2001-10-21,-32.27256927685987,-3.6902706889237535,-26.895880383704938,-36.6718656551097
2001-10-22,-32.45554874693529,-2.917851123442014,-25.83377933792451,-36.88061705118359
2001-10-23,-32.213415265137414,-3.83161459971479,-25.478563214854013,-38.12461979601483
2001-10-24,-33.24534185841756,-2.9258409149251623,-26.510940184768845,-39.14630670906098
2001-10-25,-31.882702787823913,-1.6445422474716882,-26.7478740970368,-38.76665760791018
2001-10-26,-32.71129823283898,-2.4602627896528624,-25.602685659257723,-39.56769332344499
2001-10-27,-32.7965063962319,-0.3978026580818037,-24.753948565475177,-37.38164355065617
2001-10-28,-33.55597275946849,-1.0371623193258785,-25.69626682345921,-37.8392138949645
2001-10-29,-34.40392821321249,-1.938364108574313,-25.37539172315166,-37.73285082844924
2001-10-30,-33.895815017789175,-2.786715824418404,-26.914092303197062,-36.302164043691924
2001-10-31,-34.463606169405004,-3.422019539055368,-27.700336334454267,-35.8040826177847
2001-11-01,-35.25194995273695,-3.197092896532818,-26.29746629861828,-36.39579457499517
2001-11-02,-36.32833846397143,-4.526833152356636,-26.23627596228934,-37.84848975494075
2001-11-03,-36.911080521368866,-5.2666756982455265,-25.887006564904336,-37.44825567129496
2001-11-04,-37.12205378665876,-8.054115322425307,-28.341549982498325,-35.495144473202856
2001-11-05,-36.868809663008584,-8.409878617328081,-29.280647844243198,-35.18950211895333
2001-11-06,-35.482956209240676,-7.9230251588125205,-29.551830547839515,-33.934110457139845
2001-11-07,-34.81358575763836,-7.587431484798433,-30.942395877918678,-33.84718157581147
2001-11-08,-35.68270171771748,-6.744812011004632,-30.770291052461488,-34.750348034413896
2001-11-09,-35.51840059163383,-6.750913174877834,-30.793773928110905,-33.0432781113407
2001-11-10,-35.40637740477942,-7.615787470887437,-30.757471987415094,-32.816344576378285
2001-11-11,-35.618866245205766,-7.854106845529954,-29.186484816322224,-31.385258787682595
2001-11-12,-35.35191856868913,-6.924002414508566,-29.035057963925674,-31.482384893172
2001-11-13,-35.76318590948952,-6.424363851994563,-29.52967803283482,-33.901593709400714
2001-11-14,-35.91306028987218,-5.698875736750507,-30.898337788433704,-35.609676833321785
2001-11-15,-36.32949961876494,-6.2536463142741,-29.756720995356833,-35.43253800234922
2001-11-16,-35.357597658209286,-4.450947009681933,-30.047650993677994,-33.60296084574323
2001-11-17,-35.50075635281656,-5.663091075192546,-29.384562199139804,-33.24097596351591
2001-11-18,-36.36585565295716,-5.831352112388149,-29.61423938530014,-34.3572313520938
2001-11-19,-35.37797658554783,-6.911952811295088,-28.895072612669654,-34.356784801964515
2001-11-20,-35.96988356576858,-8.358179234724583,-28.494940314157358,-33.313568729322284
2001-11-21,-36.80905706482941,-8.92306715327629,-29.84505124270869,-34.601369956865774
2001-11-22,-38.82081540008291,-7.4794566382986885,-30.250957781663622,-34.872453953082484
2001-11-23,-38.09546642014158,-7.508617775000867,-30.780454377343002,-34.96291257029182
2001-11-24,-38.153820239009775,-8.054767223130755,-30.60810441984337,-35.72027073158028
2001-11-25,-37.936706570417456,-7.4954050597741695,-29.629371491536215,-35.18425862719825
2001-11-26,-39.877015905607124,-6.602684752918064,-31.081342907767315,-35.756957255085446
2001-11-27,-38.66476116432872,-7.027210797859419,-31.153219587190367,-34.85456765408826
2001-11-28,-38.988225127651454,-6.436964510297443,-30.744809739811082,-34.48862462671414
2001-11-29,-38.48699124196568,-7.77901240648959,-29.72277359475642,-34.42597596906148
2001-11-30,-39.1714523699258,-8.333156978065146,-28.594257575307495,-33.70335412403391
2001-12-01,-40.39061339216413,-7.739026906814276,-27.837277071754396,-35.42951914855981
2001-12-02,-39.941268337202025,-8.962387079379383,-28.194037852950974,-36.180855032173575
2001-12-03,-38.33748329303766,-7.402739014848822,-28.200700203045653,-36.05540870681149
2001-12-04,-41.42247889757767,-6.959858413080323,-29.405512684944934,-34.443167108072124
2001-12-05,-42.81099029360713,-7.452694339864635,-30.355847715818697,-32.834639478154834
2001-12-06,-42.10856240513773,-7.30989291066246,-30.374864695788414,-34.09748681428212
2001-12-07,-42.44452901130791,-6.693191997227184,-31.589998109665,-34.213566314498024
2001-12-08,-42.59527656366128,-6.453223094426193,-31.4955391343015,-34.661857074945885
2001-12-09,-41.96226375813858,-6.048706524752858,-30.64919372733427,-34.84465740031433
2001-12-10,-42.3460895693445,-5.7449010791608055,-30.612214502337793,-35.0307335593304
2001-12-11,-42.12501074299978,-6.283030132366005,-31.428954188742033,-34.60833064891235
2001-12-12,-41.37176542716988,-7.2129058092116525,-31.115527365215762,-36.17448595120457
2001-12-13,-40.045795846670885,-8.272525187428567,-31.582120289962525,-34.034116251337394
2001-12-14,-41.17371477027058,-9.204732635356134,-30.388648056787574,-34.20705572140932
2001-12-15,-40.62794254378209,-9.30505257622752,-30.866869467326307,-33.68895672929566
2001-12-16,-41.10231416697084,-9.084545499025124,-30.16309336612379,-36.23102678103868
2001-12-17,-40.034569215607824,-7.301269529506247,-28.91112436314749,-37.9949295050535
2001-12-18,-40.0958238583506,-7.6798540933847415,-27.97116548949935,-39.37431950234215
2001-12-19,-39.004778332804044,-7.167904390924756,-28.437577556101527,-37.97805399939951
2001-12-20,-37.658877762545664,-5.932495894278135,-29.597885255156967,-38.38153413176333
2001-12-21,-37.13840466546414,-7.121559155082522,-29.667016016110463,-37.300404819012414
2001-12-22,-38.25892141813409,-6.501124547610256,-29.38073915503189,-37.108305883805414
2001-12-23,-38.51526804785579,-6.395255753080604,-29.12496432693458,-37.59798739251242
2001-12-24,-39.37953433405874,-7.839792759184606,-28.78810776209758,-36.11831619179699
2001-12-25,-39.975515047666384,-7.021780914606473,-28.12047422830374,-35.66632340417372
2001-12-26,-38.41661618103253,-6.223892991789682,-27.918630501179152,-33.510538233532614
2001-12-27,-39.05320687933993,-4.150076111447031,-28.70462504461228,-33.68565271561853
2001-12-28,-38.334672468713784,-4.9040768614997505,-29.71888850740266,-32.485179934324435
2001-12-29,-38.06763734752212,-5.2891485939472735,-28.685376751965755,-32.70016152632812
2001-12-30,-38.50432867172016,-6.493363858894954,-26.866137382504025,-32.36403750744321
2001-12-31,-38.02828828697609,-5.808658611780603,-27.29948453114608,-32.33950144169527
2002-01-01,-38.30487804086196,-5.740471484356474,-26.593705859908187,-31.9320510231553
2002-01-02,-39.0131111495618,-5.646082430901005,-29.39629519884951,-32.476541443183564
2002-01-03,-40.721272020288275,-6.229273730507716,-28.05815366983306,-33.1503285214283
2002-01-04,-40.31659731810049,-6.8258701835816655,-27.185955450548583,-33.56013020681941
2002-01-05,-40.92464827695531,-7.545360359516876,-28.468740360883046,-34.34170134479735
2002-01-06,-43.00293952395161,-6.465515740815361,-27.634796097665603,-33.28243056752503
2002-01-07,-42.51660199367598,-7.34486696044458,-27.66835702988022,-32.262332911179364
2002-01-08,-42.74836742170061,-7.388706521679771,-27.456447147298185,-31.486983831876515
2002-01-09,-43.100258509848466,-6.958133028373662,-26.645495829416323,-29.99704698385317
2002-01-10,-43.139274778362044,-7.582855601287521,-26.317028461661696,-29.955787801629643
2002-01-11,-42.84562674953749,-8.230778957750672,-24.776728098219884,-29.46306858147687
2002-01-12,-41.67370181393988,-6.6623356769677535,-24.31753749660006,-29.627960678129412
2002-01-13,-41.42158033320543,-5.845664259062064,-22.538858427276814,-30.658741414254393
2002-01-14,-40.818134361510076,-7.468646103238468,-21.53833702538633,-31.272634320705553
2002-01-15,-41.84510722909335,-7.033202793349298,-21.737823279971263,-30.74020505694525
2002-01-16,-42.51630620097221,-7.31120013956833,-22.67981792190308,-30.74267177706836
2002-01-17,-43.642854624977915,-5.272213099154218,-23.099150057680703,-31.630607224644276
2002-01-18,-43.779077577699326,-4.657048378256153,-22.412705139870344,-31.929728311706636
2002-01-19,-45.03160386079836,-4.566166441299478,-22.678391539483485,-33.05497666278788
2002-01-20,-44.90916236442002,-4.5441746406878085,-22.27079431390067,-34.74124089718956
2002-01-21,-42.87978255096548,-3.9134687381536932,-22.452888195776485,-34.820728299848
2002-01-22,-42.144896485534154,-2.8931394585376737,-24.25224110661716,-34.034089729176316
2002-01-23,-42.81482994746457,-3.0580212744534294,-25.065915838108754,-34.17393650102407
2002-01-24,-42.24179413471533,-2.125218561208635,-25.286237778928538,-34.30317478030781
2002-01-25,-41.3486982051859,-2.0729404491964694,-25.105804264301916,-33.35797677419531
2002-01-26,-41.31059685988263,-1.3690007821305006,-26.0467288374076,-33.50625036271144
2002-01-27,-42.33104820443383,-1.9827906772393749,-26.09634538650674,-32.36586196346203
2002-01-28,-41.861603444653994,-1.622419252459275,-24.575977808778394,-32.59075378853431
2002-01-29,-42.00700217855219,-1.2825372459227888,-24.39880929214805,-34.397873508258705
2002-01-30,-42.07716962409987,-1.4867409403501752,-25.886021215664247,-32.56325079249898
2002-01-31,-41.80766697800295,-0.03866896602579395,-26.011833731518877,-32.47978880526445
2002-02-01,-42.36571132404366,-0.5436282515185332,-26.766953516205003,-32.26911824090617
2002-02-02,-42.493121715577345,-1.7320588544930922,-25.62440705333396,-33.95560099739047
2002-02-03,-43.393713399604806,-1.5752634198520186,-28.00835798874006,-33.36873644208937
2002-02-04,-42.88946644106661,-2.9056801289943635,-28.68725978701359,-33.57242661691333
2002-02-05,-44.644496368278524,-3.6792949634819596,-28.31084240843529,-33.27225976676552
2002-02-06,-46.18358089748139,-4.4633979253865075,-27.515704555272748,-34.38248154384234
2002-02-07,-46.01347627881053,-3.933509704479018,-29.801010352565243,-33.642571100258216
2002-02-08,-46.065813383757884,-3.8899768529755256,-30.51175313234652,-32.021024377566214
2002-02-09,-48.96036946243112,-4.115055451185543,-30.204033707249806,-31.139760468398553
2002-02-10,-49.090049576586836,-4.822348117317897,-30.63972665659083,-31.4838917811795
2002-02-11,-49.31946115918542,-5.094718345378697,-30.45990558095134,-30.112291166687
2002-02-12,-49.189278578944034,-4.315334093328631,-29.68835344516956,-30.153201041379265
2002-02-13,-50.45784510639562,-3.886661685621018,-28.996802593423585,-31.19530023243278
2002-02-14,-51.06807963201483,-3.6065104797691245,-30.33476228789483,-30.34212344201533
2002-02-15,-51.358845106622184,-3.4325950854234244,-29.482628025442153,-29.539182074783636
2002-02-16,-52.03220165705591,-1.8085668495323919,-30.518995779262408,-29.509064872794077
2002-02-17,-51.52926158766646,-0.7260159879886676,-30.1917718141966,-31.487829929759698
2002-02-18,-51.1388779206329,0.2598291650079597,-30.608304785194697,-31.108678661822502
2002-02-19,-49.174805701902436,1.3111018576406783,-29.994108765891923,-30.353826307898817
2002-02-20,-48.4667364218714,0.025380590094316702,-28.96954628156264,-29.631977933598762
2002-02-21,-50.050442253789335,1.5910855216758186,-29.122106733384776,-29.285412587391356
2002-02-22,-48.9917521558182,1.2740845568631132,-29.878196306459575,-32.030283842647655
2002-02-23,-50.59563368928141,0.6618052462633627,-30.087108821620696,-30.66883223289959
2002-02-24,-49.877402458158876,1.1045456957562656,-31.1712822312992,-31.58335699909271
2002-02-25,-49.70138872838755,1.3668132801432635,-31.28306478189046,-31.34245402248116
2002-02-26,-52.03296389597706,0.6086532925281223,-30.311766747963112,-31.321543473021524
2002-02-27,-51.1626538922786,1.7790341068981115,-31.209371212364843,-30.312777426673144
2002-02-28,-49.39999555952727,3.4151659321137986,-32.29403218329705,-29.854649869183362
2002-03-01,-48.75992821678058,4.932657585948764,-32.26103826197246,-30.252758743227268
2002-03-02,-48.97189354518567,4.360318251118701,-32.302791448017146,-31.37023907715837
2002-03-03,-49.23260791624773,3.402631967725548,-33.13595180622029,-31.582710174667493
2002-03-04,-49.00344084082975,2.3320725456863762,-30.692770656980155,-32.893967414710026
2002-03-05,-50.55578841573389,2.3365132279221474,-30.811739989926934,-32.71669495482982
2002-03-06,-48.54850437038132,3.376050787401673,-30.135742774683877,-31.593084245761585
2002-03-07,-49.081983216700195,3.983716960543604,-30.37091075875001,-32.5436463115383
2002-03-08,-49.66341004734382,4.711949211956258,-31.602765693916663,-32.10633496007913
2002-03-09,-49.37093748460464,4.559696486537444,-31.879722846990973,-31.92961976929916
2002-03-10,-48.55791122103701,6.033925668726372,-29.587700700715864,-31.807906259458274
2002-03-11,-50.50101272429142,5.330689325320754,-29.259937521375676,-33.240887293825914
2002-03-12,-51.44201567612335,4.728243719715045,-28.09461357228588,-35.05317417939387
2002-03-13,-52.086141078702134,6.543112828288446,-30.518237718162798,-35.02805992892528
2002-03-14,-51.17862936302929,6.1350161563183105,-30.067684171385213,-36.27636227257118
2002-03-15,-51.55576087960653,6.029601906567293,-28.919044939703927,-35.03076866942788
2002-03-16,-52.48075247121481,6.88872881011256,-28.497174532259198,-33.796993111847094
2002-03-17,-52.56514970970643,6.644280775422262,-28.204025078977118,-33.45019015791337
2002-03-18,-51.851103153939846,8.118737352294808,-27.209606951674772,-33.16658961191528
2002-03-19,-52.73287343244396,8.818593929981935,-26.501900747628763,-34.74049113558984
2002-03-20,-53.15986724108354,9.886638565527457,-26.55905404021268,-35.238027959739675
2002-03-21,-50.65375775013075,9.028291427244778,-26.24493729963832,-35.36871380201196
2002-03-22,-49.424401183190916,8.89021238934223,-25.480257196672884,-35.350018537153105
2002-03-23,-50.10642141900733,8.948955601657074,-25.993898111260375,-34.64331857769917
2002-03-24,-51.60413951148493,8.013693731252609,-25.625546422229377,-35.05470971753154
2002-03-25,-51.05510481371291,7.139794426481855,-24.032818347114276,-33.597713454463964
2002-03-26,-50.81796802361727,7.878869785194165,-24.650446614062037,-35.61206581375237
2002-03-27,-51.15256498549836,6.851414273815879,-25.431227177837872,-34.86463454563718
2002-03-28,-52.65578733130745,6.243744276106638,-24.309721933299066,-36.29642451262065
2002-03-29,-52.43636540573176,4.43731233942451,-24.209912945337955,-36.59890996202803
2002-03-30,-52.28100591788147,5.102962133460648,-25.723149971651956,-37.21749644037439
2002-03-31,-52.54100554622586,2.9735351364164067,-26.508285315861002,-36.374089141167
2002-04-01,-52.595224443433835,2.9516056106051516,-24.659730411169214,-33.20676561253686
2002-04-02,-52.01878004427679,2.8170182045571646,-24.07329048124761,-32.0041536297417
2002-04-03,-53.39608558169399,3.2689092635657166,-25.9552540124116,-31.29732693531935
2002-04-04,-53.38229144631161,3.492334198450373,-25.685265756248437,-31.575556802230544
2002-04-05,-53.22961356303867,4.213893018951287,-24.32281079020358,-33.765022699424286
2002-04-06,-53.39685936911303,3.9664661195257125,-24.684922936712415,-33.27962420662603
2002-04-07,-55.304500687531394,4.628076500911751,-22.459873986266604,-34.13954173742424
2002-04-08,-57.360880779836315,4.900806932364301,-22.16905252692884,-35.91939864308518
2002-04-09,-57.427936978377254,5.204156564828637,-21.352553608229712,-36.26533779620694
2002-04-10,-56.449178441529675,3.107637829835107,-20.780319408801567,-35.88448471300032
2002-04-11,-55.4944050601025,3.401331479748059,-21.27309189626597,-36.21078019457002
2002-04-12,-54.71087233114515,3.7553692444859625,-22.252699607912,-35.17119081721838
2002-04-13,-54.777299406801305,4.256345595556676,-21.72306832165061,-37.060923935952474
2002-04-14,-55.02197536864484,3.2110906570395317,-22.694646744450054,-37.32604681728321
2002-04-15,-55.60257920387416,5.283851360643319,-21.299774700482864,-37.59785912042556
2002-04-16,-56.53493954002449,5.36114770799002,-18.35830852825723,-37.13424880899454
2002-04-17,-57.398905692414374,5.911982099842466,-17.435118277179683,-38.000207783537704
2002-04-18,-55.489429639154324,6.6784487972117725,-17.41106237860595,-38.04113651964683
2002-04-19,-56.20411716676288,7.8129349766131835,-18.37820845367451,-37.87420764201084
2002-04-20,-55.9984680957897,7.661869317452129,-19.53652044334885,-36.46186852531082
2002-04-21,-57.242721083818324,6.896019623553741,-19.627105771127024,-36.78054219334394
2002-04-22,-56.609808660341635,7.445058244257011,-19.49071815254738,-36.16203205501991
2002-04-23,-56.396310081045165,8.094925983782137,-18.76975134836115,-36.84897385318542
2002-04-24,-54.628575838364085,7.974776903333105,-16.27033945299251,-35.25821689218678
2002-04-25,-53.819345711410335,7.713959862520152,-14.262770570112895,-35.162543411849434
2002-04-26,-52.97280405647156,5.993228544943621,-14.377524872107168,-35.354510138789934
2002-04-27,-52.21953530942085,6.3918954015934135,-14.862344136212057,-34.34761104121107
2002-04-28,-51.684014089178014,6.775828656179118,-13.037234719302955,-32.744639181649426
2002-04-29,-50.68160810299193,7.115309824553236,-12.970818418072826,-33.83669500794885
2002-04-30,-49.72350741469215,6.0420673706818055,-13.08809966365854,-36.27004614717973
2002-05-01,-50.43478585069313,8.187632883637937,-14.047745102597611,-36.89981412103086
2002-05-02,-50.76942467118031,9.96410439800831,-13.5385324713368,-36.98754496744415
2002-05-03,-50.54580558417012,10.166230097080184,-15.670288708592222,-36.01792271743405
2002-05-04,-51.59375053406328,11.300904285789153,-15.469560322868388,-35.24334670780134
2002-05-05,-50.77745081919232,10.60900249245489,-16.895739770962965,-36.323168264165936
2002-05-06,-50.75000620798932,8.641464695639904,-16.619593708830035,-35.24159868944608
2002-05-07,-49.49006322482117,8.141098560986062,-16.041951409915395,-35.11216324421995
2002-05-08,-49.657722529871116,8.74741789249258,-18.22258129831874,-36.50634798690854
2002-05-09,-48.831558871596805,7.94751770665637,-19.408840672418453,-37.28583449492841
2002-05-10,-47.71320019318912,8.3591125125053,-19.8522931581957,-36.48189797577694
2002-05-11,-48.15977697612166,6.423706759926271,-20.32382397038638,-36.440853153361026
2002-05-12,-48.458791273246135,6.833200197726278,-21.13859773926369,-35.35799936146793
2002-05-13,-49.85386624141357,7.165646256598795,-21.278529894607164,-34.999906347805535
2002-05-14,-49.0218328024549,6.6776642237987005,-20.93686048588027,-34.622003031170834
2002-05-15,-48.91789006765546,5.378053807600738,-23.258116693503176,-34.47176616838827
2002-05-16,-47.42545120668058,2.8599311318910483,-22.638083463416486,-35.63840076732249
2002-05-17,-46.50130978915121,3.540935969519124,-20.92743652948052,-35.08839731775405
2002-05-18,-45.32639671728243,4.206567032607644,-20.393934691016117,-36.401656756284254
2002-05-19,-43.652844028597826,7.529686076063018,-22.298066324299555,-37.34725304837629
2002-05-20,-42.98261725186211,6.355196929077565,-21.84204265256799,-36.95038290133445
2002-05-21,-43.058976809042946,8.531752490081148,-20.592272379491266,-37.80515432936561
2002-05-22,-42.11911658488745,7.91862818209462,-20.89070878354299,-37.61392038296264
2002-05-23,-42.520514321576236,10.9262122203163,-21.958124285343505,-36.993898689699
2002-05-24,-43.206279205556264,11.462729683322321,-20.823119066396302,-37.007949156881466
2002-05-25,-43.17169736115155,11.614212569695725,-22.371299771630063,-36.49174736390905
2002-05-26,-42.0773306124594,10.888625489826063,-22.171036475882822,-38.47661744363246
2002-05-27,-41.76746674173544,11.545107943910875,-21.737095851063795,-37.70382756901737
2002-05-28,-40.774671011482404,11.75047452138279,-21.056978701198553,-36.524484035703026
2002-05-29,-39.59048672852246,11.339119237235229,-20.634154179804327,-36.04813405237788
2002-05-30,-38.56182030553869,10.816936748665167,-22.005329628659617,-36.70977583377838
2002-05-31,-38.28266474118848,11.439173695867655,-22.370972932963863,-36.15609384443482
2002-06-01,-36.807827673838474,12.338691522941394,-20.08067318954048,-35.99615457221669
2002-06-02,-35.34736331331745,12.385218083556333,-20.146206272273112,-35.531911556337235
2002-06-03,-35.62148290491056,12.776968676170142,-21.95763083748499,-36.83231990524516
2002-06-04,-36.070571498355726,11.93748044421669,-20.16216054269073,-36.49205338119805
2002-06-05,-36.660984056362395,11.66408687625459,-20.991328051313598,-37.39520718185107
2002-06-06,-37.851531597240076,11.508747782413005,-22.035788713261073,-35.665205994886115
2002-06-07,-38.78540291743276,12.382531486517296,-21.718464941259416,-35.663286013796274
2002-06-08,-40.32503254901459,12.636583425651965,-20.28734543122542,-36.82302916523548
2002-06-09,-39.58569504597198,11.2911299643165,-20.617148500683427,-35.42458891713764
2002-06-10,-40.3574157262192,12.92115542167383,-20.347267613213255,-36.21748758005307
2002-06-11,-39.958065305660355,13.942292829680946,-18.855109247180263,-37.5949078924137
2002-06-12,-39.47651689584159,13.809974836121045,-19.086767092837075,-35.36580911968049
2002-06-13,-38.82356322037885,14.970439327962762,-21.16807943015382,-35.469206139611885
2002-06-14,-41.20126193203862,14.94059710163226,-20.806664381279358,-35.81669783290977
2002-06-15,-40.088999839276084,14.787384320272905,-20.461596852672265,-36.65814616754369
2002-06-16,-41.48654202614377,14.980620021978103,-20.000754294060076,-38.03386660480352
2002-06-17,-40.264044051558685,15.065263537320385,-19.850135044948043,-38.319505500577975
2002-06-18,-38.71253835208696,12.327382543518976,-20.69811715978811,-37.681782425756
2002-06-19,-39.22934912804538,10.586370266884021,-19.393336473219488,-37.049513831344186
2002-06-20,-39.64021828562304,10.51280645972632,-20.07704613565026,-37.05919486904416
2002-06-21,-39.476717376988326,9.316538850370279,-20.443691961785728,-36.497267065675395
2002-06-22,-40.343180182182124,7.898036257596351,-20.336834521682807,-37.125446300191385
2002-06-23,-40.25337977506481,8.524002646121236,-20.470775294759065,-36.434717668639315
2002-06-24,-40.46647757248078,9.797321691693718,-21.028209700883732,-35.90787605118257
2002-06-25,-38.977794002427856,8.298669376976102,-20.71948993392996,-36.5542308288082
2002-06-26,-38.51763598883789,10.529601410070704,-21.219650570890856,-37.077802426374575
2002-06-27,-39.488240522914296,9.182086756449152,-22.025340737344465,-37.38172038706519
2002-06-28,-40.47361037027335,7.403940819009581,-20.960528866659004,-37.46193488288085
2002-06-29,-39.484783414691684,7.672971250857243,-20.737808248913634,-37.15294470432851
2002-06-30,-39.517992898984815,6.195669414107219,-19.01087389912672,-35.21619906751598
2002-07-01,-38.81384563259937,6.69099285528806,-18.03710767427903,-35.92506518675318
2002-07-02,-38.76874569226572,8.058528988418535,-17.52497155029396,-34.69574512596394
2002-07-03,-38.905179186338266,9.337466856517016,-18.709458289951108,-35.948365516581745
2002-07-04,-38.51021816404968,10.168801585089993,-18.170881224821585,-35.03262982992218
2002-07-05,-37.48214946942142,11.320920251506141,-18.09379422954308,-34.34716357203716
2002-07-06,-36.01841693770541,11.887495328442592,-19.491486617331667,-34.110467785525486
2002-07-07,-37.05045795130952,11.483062686484711,-17.962867356395552,-35.344650686095285
2002-07-08,-38.027803031470626,11.981987816718782,-19.04617320085087,-36.49282300559088
2002-07-09,-38.076223384533506,12.5802032323,-19.307558262219032,-37.05240999257777
2002-07-10,-39.51264784764848,11.254526211050976,-18.708919332486577,-36.790767658345054
2002-07-11,-41.0344139379908,10.51235327344496,-17.644845513064936,-35.4790977567341
2002-07-12,-40.64002853913478,10.383843713264005,-18.48437175939311,-35.517626382873004
2002-07-13,-40.896075360063854,11.213875922927267,-16.973278812987044,-36.70197183822276
2002-07-14,-40.03804441467532,12.128270151520537,-17.768594449379233,-35.174733212226464
2002-07-15,-41.03678479272683,11.009900851788213,-17.746958855929183,-35.902312735379034
2002-07-16,-40.7608718110369,10.68085328547086,-16.277160497063125,-36.01451078371792
2002-07-17,-40.724595638597194,12.000505560846582,-16.53620095730014,-38.36794746010429
2002-07-18,-40.08856767848893,10.97099853201727,-15.22048169037323,-38.47795793344547
2002-07-19,-38.61859214054568,14.499903582015262,-13.626932644971092,-37.361663595999694
2002-07-20,-39.65328501734775,15.3790684836636,-13.52966697649916,-39.60549011741568
2002-07-21,-39.47414579279044,15.581273644143614,-13.53319699792595,-39.63571301573358
2002-07-22,-38.6097416032752,14.502005790222679,-13.093584818508578,-40.307006805082416
2002-07-23,-39.34656623921472,14.278241032304706,-12.3629993477256,-39.86739380577757
2002-07-24,-37.77516126191874,14.365054455344133,-10.915943506550866,-40.50354756770431
2002-07-25,-37.87917486257943,13.802038832028202,-11.545819294192817,-39.33677528449013
2002-07-26,-37.40166529964606,13.599983470181549,-13.33637649674141,-39.06624725477928
2002-07-27,-37.2472768015476,14.593717206593213,-13.536614561800242,-39.9064450355877
2002-07-28,-36.718991692230766,13.086712730063434,-12.213040050299291,-38.41129041089805
2002-07-29,-36.537578210082756,13.349663328312394,-12.142983158665304,-40.50649486611459
2002-07-30,-37.61042530844753,14.310266078436912,-12.986652188818448,-40.613974085821496
2002-07-31,-36.1819095418248,15.723331076271768,-12.79402854069048,-40.52864750945412
2002-08-01,-37.76918531609483,14.769018066119834,-12.95505487321214,-41.573738147220446
2002-08-02,-39.580828619562396,13.478170012865135,-13.138040978572308,-40.26551185089964
2002-08-03,-39.32646744460034,13.641414884586446,-12.707067627873876,-41.32246819788662
2002-08-04,-39.39571532901937,12.795838183081695,-12.421224252438996,-40.88180073152281
2002-08-05,-38.32415057399774,13.601513354038628,-11.902459677797344,-39.4979606291308
2002-08-06,-37.678420356739935,13.554192139310924,-9.294779287084555,-39.47325958424724
2002-08-07,-38.43777593345992,12.322228917901484,-8.14923408947989,-38.461440457829454
2002-08-08,-37.76882128747673,12.604993710223628,-7.48902130748982,-38.153972058980024
2002-08-09,-39.12882062457425,13.042353827120102,-8.162952758384355,-37.92736532849132
2002-08-10,-39.60884097594995,11.82992332087138,-5.21981977377262,-35.71478585336909
2002-08-11,-38.90138199817219,10.940219754341056,-4.568898401559804,-36.402495803297555
2002-08-12,-38.34658677793711,12.686912304658426,-4.666452184857413,-37.052332905236675
2002-08-13,-37.349662590414866,12.439204111505186,-2.976969196589038,-36.58620633927915
2002-08-14,-37.63354645359808,11.171497146284407,-4.886633727107735,-37.10434080994737
2002-08-15,-37.2466515862223,10.644673988574942,-5.373436663195129,-36.496243731348024
2002-08-16,-36.54188306143386,12.528998375884994,-5.027013220800353,-35.43755643904211
2002-08-17,-37.57314034190439,11.780439047357106,-5.503223544326977,-34.910576575604956
2002-08-18,-37.150113495673835,10.920522437019217,-3.6598372429292736,-34.56356539914143
2002-08-19,-37.56096035820933,11.62860014558457,-2.4460531954181546,-34.36044254923081
2002-08-20,-37.625835290797056,11.287295263460468,-4.103143442940469,-34.51385205687767
2002-08-21,-37.53623152128384,10.446454858314409,-4.878352055312996,-36.14779013268319
2002-08-22,-36.24486933986758,10.04729392917115,-3.7768253420510973,-35.48901091285464
2002-08-23,-36.57138454665069,11.06618933052414,-3.961352688109409,-37.032882975274575
2002-08-24,-34.67986477528976,10.745523922205013,-3.7551889653624233,-37.155379840543034
2002-08-25,-35.42788389700359,11.166834786327334,-4.962274983565304,-38.06556327520007
2002-08-26,-34.801694223121565,11.810312943797861,-7.649260518735488,-38.04781596406818
2002-08-27,-33.68614459627068,12.710807208977945,-6.8557268360193415,-38.13288402742849
2002-08-28,-34.32048700504014,11.754617195760678,-6.978079041266281,-38.95911428701213
2002-08-29,-35.07137159557345,12.616547360792595,-8.375800073676192,-40.15120354623345
2002-08-30,-35.9966137557659,11.857333282530933,-6.696239542801123,-38.81617908065785
2002-08-31,-36.77257051388365,12.216410706019836,-6.96988829534178,-38.633983037496606
2002-09-01,-38.72579200895384,13.142700668463748,-7.405786468416841,-37.243508880158615
2002-09-02,-38.163702646881255,13.975900459386239,-7.55297817061779,-38.54404461734222
2002-09-03,-39.90675705156844,13.66458734204987,-7.902697550291471,-41.026118584974334
2002-09-04,-40.70904614190537,13.509216532540563,-6.468769363168403,-41.52688949897339
2002-09-05,-40.24108844429053,13.572383435178505,-6.854694925617876,-39.78350326941398
2002-09-06,-40.147843823279665,13.12675507670781,-7.330204720046001,-38.93930962581867
2002-09-07,-41.30616347637023,13.020580366032021,-7.04989423730308,-40.26558411923462
2002-09-08,-41.31056410051315,13.35269185225387,-7.7297399908809545,-40.74191737391875
2002-09-09,-40.96063653538686,14.09308483338323,-6.237001107758591,-42.29870559724721
2002-09-10,-41.560343034724525,15.247742886940497,-9.3125224241243,-42.269053554360724
2002-09-11,-41.34995157998672,13.604076193605277,-9.473878651359826,-42.98720479613854
2002-09-12,-40.18196801455137,13.736753116397622,-9.487289265664499,-41.59766521567236
2002-09-13,-39.32461052785076,10.799628850461454,-7.6147532577207055,-42.36233798191977
2002-09-14,-40.79900019386185,12.046114618150709,-6.254024464144859,-41.42987530838337
2002-09-15,-41.52687379790383,13.582725259625157,-8.038114674006442,-41.20339364656296
2002-09-16,-42.10922732115349,12.369325027542414,-8.23521267085464,-42.522221500243106
2002-09-17,-42.938641130886836,10.81794865736585,-7.4400229823332635,-42.47277785598693
2002-09-18,-42.618689351859366,10.568255810604956,-8.770783493717182,-42.311922483713026
2002-09-19,-41.020272202873,10.45749797956735,-6.700544668580063,-40.835420091096246
2002-09-20,-40.16385762538126,9.272218675688881,-6.748162518425543,-40.74999316254113
2002-09-21,-40.93645477658963,9.111731996151967,-7.530648402363921,-40.37712124762009
2002-09-22,-39.73491931279195,9.989370580272974,-7.786120626683311,-42.199795183187014
2002-09-23,-38.074505442597314,8.85227677591884,-7.262154307796103,-41.8507742391914
2002-09-24,-38.82052672580611,10.298380090446873,-6.56697957267826,-40.59734513925282
2002-09-25,-40.495471373113915,9.001671815273465,-7.327100617771466,-41.17498889715494
2002-09-26,-40.718867756917525,11.550842285000206,-7.465874360734298,-40.0384641404954
